type	mode	uid	gid	bytes	mtime_ns	sha256	path_json	target_json
DIRECTORY	0555	1000	1000	4096	1784008386678361097	-	"."	""
DIRECTORY	0555	1000	1000	4096	1784008386581193617	-	"01_v02_language_design_reference"	""
DIRECTORY	0555	1000	1000	4096	1784008386572835068	-	"01_v02_language_design_reference/docs"	""
FILE	0444	1000	1000	2607	1781171261000000000	048385e58bd9a388e4c90631ae6b2788854435ced3a460c84652cbb92e354f97	"01_v02_language_design_reference/docs/ASLAM_MOVING_CONTROL_ROOM_HISTORY.md"	""
FILE	0444	1000	1000	1213	1781171261000000000	97cd5a24b9d911258a789e4553b91737ce26aab151d70284a3294606eda5dc6e	"01_v02_language_design_reference/docs/NOVA_LINK_MASTER_KEY_PLAN.md"	""
FILE	0444	1000	1000	1946	1781862035000000000	9b7e1e32a9678f9e110d048dd4d152defceba9b106fbfd5a4831289e8d68bbb9	"01_v02_language_design_reference/docs/NOVA_PROVENANCE_AND_OWNERSHIP_V1.md"	""
FILE	0444	1000	1000	602	1781178064000000000	ef120c74f11558f1c3937d63e01ac62d2ef462c3db81821906f7e2546987890a	"01_v02_language_design_reference/docs/NOVA_V1_3_4_PLAN.md"	""
FILE	0444	1000	1000	497	1781132025000000000	25cf86949fcb6c145477a0cc932cfb7c4c66b2fdaff08b66c0377ad05cb1b19b	"01_v02_language_design_reference/docs/PI5_SYNC_GUIDE.md"	""
FILE	0444	1000	1000	1163	1782375863000000000	3deaadcc1cf6a66c6c5b23252536d0f118a8384a97e139d97dbd141ae6b78fb2	"01_v02_language_design_reference/docs/QBIT_NOVA_AST_V0_1.md"	""
FILE	0444	1000	1000	819	1782380984000000000	a1d7d5781ec67b2eeb3eec32136fb30635b9f92801db76e02d3a12d6599a0650	"01_v02_language_design_reference/docs/QBIT_NOVA_CLI_LAUNCHER_V0_2.md"	""
FILE	0444	1000	1000	1000	1782301040000000000	23ad152707bbd1ec79ce3260a086beab53ed8d39fe06807a3ce8c7a24a4a0caf	"01_v02_language_design_reference/docs/QBIT_NOVA_CLI_NATIVE_COMMANDS_V1_0.md"	""
FILE	0444	1000	1000	953	1782383457000000000	fe4da5386c76da07d3eb4af0f902af00f72cd014ddef147a6935f3c5dd893367	"01_v02_language_design_reference/docs/QBIT_NOVA_CURRENT_POINTER_V0_2.md"	""
FILE	0444	1000	1000	441	1782378193000000000	e7caeed5804c8779e5f1681ec5fa4b4ba069c07a0a5b05f00f61b9f52d9a04b0	"01_v02_language_design_reference/docs/QBIT_NOVA_FULL_RUNNER_V0_1.md"	""
FILE	0444	1000	1000	486	1782290941000000000	ed4a014b5d976b62ee1e56037b66acb3954ad171bc6030880cbe58ef479dea30	"01_v02_language_design_reference/docs/QBIT_NOVA_GAME_V2_DRAGON_CHOICE.md"	""
FILE	0444	1000	1000	1306	1782274658000000000	944052fa674d2742460dd154617f59c1b229ffee9aadc6169a50676531aab116	"01_v02_language_design_reference/docs/QBIT_NOVA_GRAMMAR_CONTRACT_V0_2.md"	""
FILE	0444	1000	1000	1149	1782278778000000000	00aa2a9620056f05ff6ac9753afe578a1d92df9f2859a98d34254d14fa1702c9	"01_v02_language_design_reference/docs/QBIT_NOVA_GRAMMAR_CONTRACT_V0_3.md"	""
FILE	0444	1000	1000	726	1782290503000000000	74ed12ecd2434f8154bb455f220b95bb59f8aec6b4189b8b80d87b09106491cc	"01_v02_language_design_reference/docs/QBIT_NOVA_GRAMMAR_CONTRACT_V0_4.md"	""
FILE	0444	1000	1000	752	1782291099000000000	275591e796341b3dab629de14bcbe194ca76c9ae63903c4d1e206cb83674d976	"01_v02_language_design_reference/docs/QBIT_NOVA_GRAMMAR_CONTRACT_V0_5_AST.md"	""
FILE	0444	1000	1000	740	1782291572000000000	779bed217db92361ec300edab6f8765f1e220f1a958128092f087c0adfeb6779	"01_v02_language_design_reference/docs/QBIT_NOVA_GRAMMAR_CONTRACT_V0_6_SEMANTIC.md"	""
FILE	0444	1000	1000	858	1782301890000000000	4ce7b1e70145dd33cadf9c84877cac241f9e9d6faca0d96b9b2307decbede3d2	"01_v02_language_design_reference/docs/QBIT_NOVA_INSTALLER_V1_2.md"	""
FILE	0444	1000	1000	1328	1782376192000000000	4d40fe73ba270006189f53ec8d30369a2e63b4fb2fca54824b9c352cc727d2bb	"01_v02_language_design_reference/docs/QBIT_NOVA_IR_V0_1.md"	""
FILE	0444	1000	1000	1208	1782345021000000000	16c941b8190e22151800c49a5b05058e73bd0ff717c028ef6ee24021842a4b4e	"01_v02_language_design_reference/docs/QBIT_NOVA_LANGUAGE_DNA_V0_1.md"	""
FILE	0444	1000	1000	1253	1782267631000000000	8763dd3d5e9554f2f50dcd2673b7be9a4312b72c02c7f597fc6dfd5553733d7a	"01_v02_language_design_reference/docs/QBIT_NOVA_LANGUAGE_SPEC_V0_1.md"	""
FILE	0444	1000	1000	1264	1782373187000000000	8118b8bc430b9aa5a690962cc0d84ec113c18fea09b2f5ddca5f658196ab0e89	"01_v02_language_design_reference/docs/QBIT_NOVA_MISSION_LOCK_V0_1.md"	""
FILE	0444	1000	1000	591	1782296454000000000	a197308d121c077c3260190dd557942342381c9152d5e3529d5be635a5935cf7	"01_v02_language_design_reference/docs/QBIT_NOVA_NATIVE_ENGINE_SPLIT_V0_7.md"	""
FILE	0444	1000	1000	834	1782372121000000000	ec7efbe9caa6cd369604cd48fcf0f111cad6dc59573b511180c23d25e06ca584	"01_v02_language_design_reference/docs/QBIT_NOVA_PARSER_V0_1.md"	""
FILE	0444	1000	1000	946	1782301520000000000	f7aa87731b7d212817aa998daab6a1862e9f493418ff9fcef65cbdb2f351eadb	"01_v02_language_design_reference/docs/QBIT_NOVA_PORTABLE_LAUNCHER_V1_1.md"	""
FILE	0444	1000	1000	2331	1782375299000000000	e161aae0057d5f913bc9c6eab832863f551fab5ca25592c6ba761a51826583fb	"01_v02_language_design_reference/docs/QBIT_NOVA_PROCESSOR_BRIDGE_CONCEPT_V0_1.md"	""
FILE	0444	1000	1000	887	1782377631000000000	4e0cb09743531d2d93cd42648670cb8ee463351a3b1a16a38d68f3a3f6df5c55	"01_v02_language_design_reference/docs/QBIT_NOVA_QBC_RUNNER_V0_1.md"	""
FILE	0444	1000	1000	1191	1782376998000000000	8c8b9887aeddd54ede46999a851cd86aa79c65bf2a66e219ee38268b9a1f1712	"01_v02_language_design_reference/docs/QBIT_NOVA_QBC_V0_1.md"	""
FILE	0444	1000	1000	1279	1782376354000000000	847addccf41a21a84acc65a2e866c2fcc1d93d6074f8b2f15c88ed392c155956	"01_v02_language_design_reference/docs/QBIT_NOVA_QVM_V0_1.md"	""
FILE	0444	1000	1000	367	1782382901000000000	915a338895d7d6e7c889b3a7681473cb9b271a9e6fb4ba13c3af59eae2ffa6ee	"01_v02_language_design_reference/docs/QBIT_NOVA_RELEASE_ARCHIVE_V0_2.md"	""
FILE	0444	1000	1000	718	1782303409000000000	63f96146e23aa038bd8bd9cf44c756100c9a2e363ce2445f6d22be2aeb8fd088	"01_v02_language_design_reference/docs/QBIT_NOVA_RELEASE_BUNDLE_V1_3.md"	""
FILE	0444	1000	1000	1009	1782382710000000000	a9929b1addc66d32c0a29d4a2924b6be33da1b33627beb051bd039cb03ec43ad	"01_v02_language_design_reference/docs/QBIT_NOVA_RELEASE_CHECKPOINT_V0_2.md"	""
FILE	0444	1000	1000	1451	1782375604000000000	a835137bdf32af96a4f487d325193988e037ee2a9cf7aa0a9c54b8a06bb599f7	"01_v02_language_design_reference/docs/QBIT_NOVA_SELF_HOSTING_ROADMAP_V0_1.md"	""
FILE	0444	1000	1000	1359	1782380742000000000	f30149b08d0536054931b14268e73f73de414b33f625161ddd56a116ed372dad	"01_v02_language_design_reference/docs/QBIT_NOVA_SYNTAX_V0_2.md"	""
FILE	0444	1000	1000	767	1782297333000000000	68afd767c5a142808fa340f75ee968ec1192b8d119b6c1af0bbe749db501a986	"01_v02_language_design_reference/docs/QBIT_NOVA_TOKENIZER_PIPELINE_V0_8.md"	""
FILE	0444	1000	1000	794	1782345641000000000	0fcaef1101f4beb38b80904242fbcd94af75a6c8577743144f50ed95a5780f4a	"01_v02_language_design_reference/docs/QBIT_NOVA_TOKENIZER_V0_1.md"	""
FILE	0444	1000	1000	859	1782297965000000000	59bc1234ae9ea587d2730b24f6a498e40a9b09c3e82954f1d8df2eee8f73ae46	"01_v02_language_design_reference/docs/QBIT_NOVA_TOKEN_PARSER_PIPELINE_V0_9.md"	""
FILE	0444	1000	1000	773	1782267631000000000	ff5a2f4dad07af4bf0c179731a77a032353b12fd84afdfee89c386f31d1e9af9	"01_v02_language_design_reference/docs/UD_POLYGLOT_ARCHITECTURE.md"	""
FILE	0444	1000	1000	2356	1781132019000000000	80f2ed55943e73059d65d567301cf1f8c668c51eb8a0bdb61bfafaa02d67bfd7	"01_v02_language_design_reference/docs/UNIVERSAL_DRAGON_MANIFEST.md"	""
FILE	0444	1000	1000	516	1781196997000000000	45a9bc83eb793bba23c7fd12e1b9bb2c381e13bdbcf3ec937f2dfa98940904eb	"01_v02_language_design_reference/docs/index.html"	""
DIRECTORY	0555	1000	1000	4096	1784008386571732206	-	"01_v02_language_design_reference/docs/language"	""
FILE	0444	1000	1000	1668	1781222103000000000	074961c502db8f08114d4750f6011cb187f9bc728fd7d3dcb84f4dbdf9bcc451	"01_v02_language_design_reference/docs/language/NOVA_LANGUAGE_VISION_V1.md"	""
FILE	0444	1000	1000	2108	1781252614000000000	d7b712d515205f64336c9e55b64506fedebb3d11ed80a56cba83473f4c856299	"01_v02_language_design_reference/docs/language/QBIT_CNOT_BELL_STATE_EXPLAINED_V1.md"	""
FILE	0444	1000	1000	1781	1781248281000000000	b62d6b0c18bfbacb05b51382ac49818ed25743b60320033c55cabef217fb7906	"01_v02_language_design_reference/docs/language/QBIT_HZH_EQUALS_X_EXPLAINED_V1.md"	""
FILE	0444	1000	1000	1532	1781244642000000000	56389d9283f461166ac8a10170fc16ec2c8887806953f03c237440c835f94adf	"01_v02_language_design_reference/docs/language/QBIT_ROADMAP_V1.md"	""
FILE	0444	1000	1000	9956	1781219304000000000	11d050bb4b3283782cdcd21b5200f2b998a857642ded08ffbf2411e906d1fa06	"01_v02_language_design_reference/docs/nova-install.html"	""
DIRECTORY	0555	1000	1000	4096	1784008386572165499	-	"01_v02_language_design_reference/docs/proofs"	""
FILE	0444	1000	1000	836	1781893404000000000	7b619c37476c4e39bda96859275e68f69ef3e267d3e786d81681a609aa1ebda5	"01_v02_language_design_reference/docs/proofs/DEVICE_SYNC_WORKFLOW_V1.md"	""
FILE	0444	1000	1000	1089	1781944766000000000	2cc7eba9ad271ce620e277cb77242178d48e698f82506aa0240a3b76399f0b8c	"01_v02_language_design_reference/docs/proofs/NOVA_QBIT_WHATSAPP_ADAPTER_V1_PROOF.md"	""
FILE	0444	1000	1000	620	1781893317000000000	ec3c0da5916a2232a6edad188911aaff8907304089241dea9791ece9ac839369	"01_v02_language_design_reference/docs/proofs/PI5_ROOM_SERVER_PROOF_V1.md"	""
DIRECTORY	0555	1000	1000	4096	1784008386572267813	-	"01_v02_language_design_reference/docs/releases"	""
FILE	0444	1000	1000	2570	1781983455000000000	669d82f81836a9a1873d8bdeb7c2cb97967dea48b3d28d91de1b699460062cd9	"01_v02_language_design_reference/docs/releases/NOVA_QBIT_V0_3_RELEASE_MANIFEST.md"	""
FILE	0444	1000	1000	81	1781219304000000000	6e3c10cb34103b5bc221bb5dcab06a493b2508dc4edfc66a313755a9307086e3	"01_v02_language_design_reference/docs/robots.txt"	""
FILE	0444	1000	1000	213	1781219304000000000	5b7c9f30cdfce3557c0d3ae74f17f4ee56f7db7aa17936cce88dad92bf74f6a2	"01_v02_language_design_reference/docs/sitemap.xml"	""
DIRECTORY	0555	1000	1000	4096	1784008386572720791	-	"01_v02_language_design_reference/docs/spec"	""
FILE	0444	1000	1000	2968	1781981180000000000	2d8699b2607fc00d6dc90666e96405419233899303a1cdc4766f843639164f2e	"01_v02_language_design_reference/docs/spec/NOVA_QBIT_GRAMMAR_V0_3.md"	""
FILE	0444	1000	1000	2885	1781981087000000000	5dd6a23905194021567fd3bb3c9b61be18b83edf151fadc0d694f61448e1f099	"01_v02_language_design_reference/docs/spec/NOVA_QBIT_LANGUAGE_SPEC_V0_3.md"	""
DIRECTORY	0555	1000	1000	4096	1784008386572960919	-	"01_v02_language_design_reference/docs/whatsapp"	""
FILE	0444	1000	1000	829	1781943610000000000	539475743e253083e4c909f4583b33dca1ca139c7c1b943bf18b28be1be64b84	"01_v02_language_design_reference/docs/whatsapp/NOVA_TO_NODE_WHATSAPP_ADAPTER_V1.md"	""
FILE	0444	1000	1000	1129	1781927422000000000	a9c5e8433d27e02653039590a580b6e2fd086e22d9a175c6a78741e06d039727	"01_v02_language_design_reference/docs/whatsapp/NOVA_WHATSAPP_VOICE_CALL_DECISION_V1.md"	""
DIRECTORY	0555	1000	1000	4096	1784008386573065696	-	"01_v02_language_design_reference/examples"	""
DIRECTORY	0555	1000	1000	4096	1784008386577464626	-	"01_v02_language_design_reference/examples/v2"	""
FILE	0444	1000	1000	309	1781864906000000000	a9cafeebdf1096691acfd6359d358d7ecd24f169e84eef5f1718f58c7ecb9c57	"01_v02_language_design_reference/examples/v2/guard_v1_test.nova"	""
FILE	0444	1000	1000	158	1781223132000000000	5e7df549a3abf9d67febe96d81fb335185bddeb1422d7fcb28a40d478a3e2c4e	"01_v02_language_design_reference/examples/v2/hello_v2.nova"	""
FILE	0444	1000	1000	92	1781863504000000000	a0506a11f6605fcb950e4e993e33e7674302637fa07144e4a00751989ec15e0e	"01_v02_language_design_reference/examples/v2/intent_v1_test.nova"	""
FILE	0444	1000	1000	232	1781864611000000000	332df36e833e35c636594b25320296936319c4b02604bf0ad8611f96d880ae2f	"01_v02_language_design_reference/examples/v2/observe_v1_test.nova"	""
FILE	0444	1000	1000	9	1781921688000000000	a2bc615648e7f2683aa4ed23b2802beed788b12856481f4734728275772fca4b	"01_v02_language_design_reference/examples/v2/patch_v1_target.txt"	""
FILE	0444	1000	1000	162	1781921464000000000	f9776cdf813d58b051c172333156cd9372c458f88d8b2a5dc309895fd15a461f	"01_v02_language_design_reference/examples/v2/patch_v1_test.nova"	""
FILE	0444	1000	1000	151	1781251793000000000	f84a918aa7bfc1a69e895fcb3ff323724b5a881bf7c2aeb26c62ab307238606c	"01_v02_language_design_reference/examples/v2/qbit_bell_cnot_test.nova"	""
FILE	0444	1000	1000	258	1781245022000000000	a62aa99d925bc848e8946e33789d048cae42751b0315bda354ecf144bd3a2255	"01_v02_language_design_reference/examples/v2/qbit_gates_v1.nova"	""
FILE	0444	1000	1000	338	1782375863000000000	e4cf2fb96f3ae83f1998592a2c3c89e6b062903768296e59218c32843b916cd2	"01_v02_language_design_reference/examples/v2/qbit_nova_ast_contract_v01.qnova"	""
FILE	0444	1000	1000	345	1782380984000000000	3d04cd36c71ec0fabb507019919eb344ac039e1e7bd16b99b63e362d6f58135c	"01_v02_language_design_reference/examples/v2/qbit_nova_cli_launcher_v02.qnova"	""
FILE	0444	1000	1000	359	1782345021000000000	a9b7c41028c92e00008c934bda535498aa0dda45eec7ac05593328ed181ec547	"01_v02_language_design_reference/examples/v2/qbit_nova_dna_v01.qnova"	""
FILE	0444	1000	1000	357	1782378193000000000	d67261f611aaf25a63adb7ccc61da4d26714166552dca6269a4e8402d9d270b6	"01_v02_language_design_reference/examples/v2/qbit_nova_full_runner_v01.qnova"	""
FILE	0444	1000	1000	424	1782290941000000000	2a87394213bcb9578d5004947425ac0320e15b652625dc204845205495af8dbe	"01_v02_language_design_reference/examples/v2/qbit_nova_game_v2_boss_path.ud"	""
FILE	0444	1000	1000	428	1782290941000000000	f32b6b9c8d18c05f9660b380708668efbb86755af84d6012da2a14b373d9e922	"01_v02_language_design_reference/examples/v2/qbit_nova_game_v2_safe_path.ud"	""
FILE	0444	1000	1000	336	1782376192000000000	3984f7cc61006f0ad9e57e181ea2def810a5d5b0531cea1607df9d5b2331cf63	"01_v02_language_design_reference/examples/v2/qbit_nova_ir_contract_v01.qnova"	""
FILE	0444	1000	1000	391	1782373187000000000	c0187e4b21f1d91d683a26c419a2ed7604721cfb134f210c6cd0d7a2be5072b9	"01_v02_language_design_reference/examples/v2/qbit_nova_mission_lock_v01.qnova"	""
FILE	0444	1000	1000	649	1782375299000000000	7f9233c5095171dbb6d5130f355f9aa41d6314938446186edb5ad884f77d1b8d	"01_v02_language_design_reference/examples/v2/qbit_nova_processor_bridge_v01.qnova"	""
FILE	0444	1000	1000	361	1782376998000000000	70940ad11fd5535fbc50abb1356ef6dd1ebd6e2c6f8758ca409323a1339aa4dc	"01_v02_language_design_reference/examples/v2/qbit_nova_qbc_contract_v01.qnova"	""
FILE	0444	1000	1000	386	1782377631000000000	cae75af70ecd578957895ac5e5ae70a93ef8110c4292db9c7025172ba673eb69	"01_v02_language_design_reference/examples/v2/qbit_nova_qbc_runner_contract_v01.qnova"	""
FILE	0444	1000	1000	363	1782376354000000000	3bfa234251485112708512536cf8748d1d417b7e2bff9681f1697d00c8a4c579	"01_v02_language_design_reference/examples/v2/qbit_nova_qvm_contract_v01.qnova"	""
FILE	0444	1000	1000	538	1782375604000000000	ab066e50b084d59d5a1504c8faf2fdb0945d66d5387fd544f62d6871c5433f91	"01_v02_language_design_reference/examples/v2/qbit_nova_self_hosting_roadmap_v01.qnova"	""
FILE	0444	1000	1000	318	1782380742000000000	e51c2a3ae6d8813d846b0cbf6ba66a80332a783d7099293b9b1166d9fcff07a9	"01_v02_language_design_reference/examples/v2/qbit_nova_syntax_v02.qnova"	""
FILE	0444	1000	1000	355	1782278778000000000	9f1fa09f25131a473433b458982fbaf8ce1a505b8bca498b475ad7221b3e9229	"01_v02_language_design_reference/examples/v2/qbit_nova_v03_adapter.ud"	""
FILE	0444	1000	1000	272	1782290503000000000	7214c307ff24adca33c5b260c3be70fcd76b210037e9b9f5089b4be68b589a65	"01_v02_language_design_reference/examples/v2/qbit_nova_v04_when_one.ud"	""
FILE	0444	1000	1000	272	1782290503000000000	97aaa099a0d1b4374e0e7a192df9858920819ad3e2fd11a96fb3b846dd0101df	"01_v02_language_design_reference/examples/v2/qbit_nova_v04_when_zero.ud"	""
FILE	0444	1000	1000	384	1782291099000000000	b839e96424fe479cb4e227fd3c8b61de1b59be6114ea5b65ba481badc36db46b	"01_v02_language_design_reference/examples/v2/qbit_nova_v05_ast.ud"	""
FILE	0444	1000	1000	178	1782291572000000000	a23b30217fbcf6e5e63519925397b26376f1018bdfe20224154e05e286ed83b2	"01_v02_language_design_reference/examples/v2/qbit_nova_v06_semantic_bad.ud"	""
FILE	0444	1000	1000	391	1782291572000000000	9b05f0f471e9c4fe5c99169f6fd5b059b5fe24971a7cce8011b287a27590921e	"01_v02_language_design_reference/examples/v2/qbit_nova_v06_semantic_good.ud"	""
FILE	0444	1000	1000	420	1782296547000000000	21de38cf8cb8413eba416705892254533ffd02cf110b32fa5469418fe9f862b0	"01_v02_language_design_reference/examples/v2/qbit_nova_v07_native_one.ud"	""
FILE	0444	1000	1000	420	1782296547000000000	fc2d8ac06e75cfe297c115742c39699c9602244cb37c42b4191bf57798febad3	"01_v02_language_design_reference/examples/v2/qbit_nova_v07_native_zero.ud"	""
FILE	0444	1000	1000	240	1782268515000000000	b63bb2e234b2688a0aa55e9ef554f657d54608c7c982c965ed44e637260699d5	"01_v02_language_design_reference/examples/v2/qbit_nova_world.ud"	""
FILE	0444	1000	1000	42	1782264531000000000	c953d2c2dc59d2554c5b6d29fe3696c0e23140585b06cdf36393d978fedefc75	"01_v02_language_design_reference/examples/v2/qbit_test.qnova"	""
FILE	0444	1000	1000	143	1781246353000000000	bd301457da9c25548ee6ff38ebae8dc96b6abc30a67c9b422e5de8bd656250f9	"01_v02_language_design_reference/examples/v2/qbit_x_gate_clear_test.nova"	""
FILE	0444	1000	1000	215	1781246810000000000	2fe86b60e4b5321683fdbfbef33489e5c66866f2873d9141ca123bfa72243007	"01_v02_language_design_reference/examples/v2/qbit_z_interference_test.nova"	""
FILE	0444	1000	1000	270	1781274796000000000	b9621348107b7160bd3c700f73b93b7820baa03fe30fc4760e2dff3190958b2f	"01_v02_language_design_reference/examples/v2/quantum_first_syntax_test.nova"	""
FILE	0444	1000	1000	200	1781224011000000000	fdb37cafb9e955cd73e4f812a9b1ab04dcb0f762e734dc06d9c85ef48e325af9	"01_v02_language_design_reference/examples/v2/run_test.nova"	""
FILE	0444	1000	1000	72	1782264531000000000	da0e9c6a06d97daff8e4fda72e7b5796c965a5923971f492c7cb4687787ffcfb	"01_v02_language_design_reference/examples/v2/say_qbit_test.qnova"	""
FILE	0444	1000	1000	211	1781863956000000000	69c470e207401f674b9eea0cfa820752f43b4d40a2b9f0c0cba693b69ef1aaa4	"01_v02_language_design_reference/examples/v2/simulate_v1_test.nova"	""
FILE	0444	1000	1000	1105	1781980941000000000	15d73ce738df6cf70f056693192650bb5aced62d0ad47f3471893e2c4be7d134	"01_v02_language_design_reference/examples/v2/universal_adapter_contract_v1.nova"	""
FILE	0444	1000	1000	877	1782044640000000000	e9ba375290160b0fab96ea2f45790dcd150889023d410476b9e627068befd80d	"01_v02_language_design_reference/examples/v2/universal_adapter_router_v1.nova"	""
FILE	0444	1000	1000	777	1781979638000000000	1166b0c7f60ea025478ab44d2af2fe6e428e70d09a3341024653f0474d0dd46b	"01_v02_language_design_reference/examples/v2/whatsapp_adapter_contract_v2.nova"	""
FILE	0444	1000	1000	998	1781980287000000000	29146b2b60ee5ddb0244772dfadb0dc835dad115c951e44d0c914f80ae73db2c	"01_v02_language_design_reference/examples/v2/whatsapp_adapter_contract_v3.nova"	""
FILE	0444	1000	1000	428	1781943706000000000	d59ffb47c809a56cf6f9238534012d3e1120c7a5469f582859e6d7afe53bccbe	"01_v02_language_design_reference/examples/v2/whatsapp_node_adapter_output_v1.nova"	""
FILE	0444	1000	1000	412	1781926216000000000	4dc5e754621448fd64dafbf8cbee2cfd08c3c35ab0b306ae874340e5b90a4fe0	"01_v02_language_design_reference/examples/v2/whatsapp_voice_call_decision_v1.nova"	""
DIRECTORY	0555	1000	1000	4096	1784008386581072266	-	"01_v02_language_design_reference/tests"	""
FILE	0444	1000	1000	2800	1782046569000000000	d5b2e0e3665eaefe4193a4e81781bb26545abe055259b27d7b51ccf13c0ee539	"01_v02_language_design_reference/tests/nova_qbit_adapter_contracts_check.py"	""
FILE	0444	1000	1000	1414	1781257809000000000	3a0e89e8fbf52e88c55d7f3fad9ef64f704b04b5507d8828a97174cac26ba55f	"01_v02_language_design_reference/tests/qbit_bell_repeat_check.py"	""
FILE	0444	1000	1000	1984	1782375863000000000	35637a5c16293ca95b928450d5ea85fcc2db5667873600e3add73ef40961c188	"01_v02_language_design_reference/tests/qbit_nova_ast_v01_check.py"	""
FILE	0444	1000	1000	1592	1782380984000000000	8bcee78b06fd8ad294752c307200f27d31aab73722e43843ca0384b81ce96d35	"01_v02_language_design_reference/tests/qbit_nova_cli_launcher_v02_check.py"	""
FILE	0444	1000	1000	763	1782345021000000000	2e5070dda5230ba4cdbac7849944b1db713684ffda38854d24d8cd6e1f4a9371	"01_v02_language_design_reference/tests/qbit_nova_dna_v01_check.py"	""
FILE	0444	1000	1000	1232	1782378193000000000	37ec36e9263c7924f8fe2b9c05298b6d45e8e2b7a05af026b9900ba4aba1f113	"01_v02_language_design_reference/tests/qbit_nova_full_runner_v01_check.py"	""
FILE	0444	1000	1000	2267	1782290941000000000	b40b0498c1f6d36746c9ea6bce712e51e1bddcef0e91bb613b8589759ed8bcb7	"01_v02_language_design_reference/tests/qbit_nova_game_v2_check.py"	""
FILE	0444	1000	1000	1932	1782376192000000000	b2ba23d235bc08fcba6d55c2915ef587cb8dc21779b6118c2a78f1bb6fcbfe86	"01_v02_language_design_reference/tests/qbit_nova_ir_v01_check.py"	""
FILE	0444	1000	1000	654	1782373187000000000	3c5f98bcb88345151674331e6145d3825dd48a1b9a8f0bed23c656c4471a0f35	"01_v02_language_design_reference/tests/qbit_nova_mission_lock_v01_check.py"	""
FILE	0444	1000	1000	2075	1782372121000000000	6283ea185852c0c1680d5bf54028c305aeb2ba4593a966fd960cfd4f330f3ef5	"01_v02_language_design_reference/tests/qbit_nova_parser_v01_check.py"	""
FILE	0444	1000	1000	823	1782375299000000000	1feac5986fcd3b72fc36b295a8c4bfe6b4a64daa4030e8a57e5b7bdbaa3c7d3b	"01_v02_language_design_reference/tests/qbit_nova_processor_bridge_v01_check.py"	""
FILE	0444	1000	1000	2735	1782377631000000000	d2fcf65bbf6bb4fae09defb09862eaa68a4d70a0b0e1ad0e3d3b595072185319	"01_v02_language_design_reference/tests/qbit_nova_qbc_runner_v01_check.py"	""
FILE	0444	1000	1000	2334	1782376998000000000	1e573e95df9229b4764eb0547a26c5f63b58ea3bf687bc90410d1dda241a0a98	"01_v02_language_design_reference/tests/qbit_nova_qbc_v01_check.py"	""
FILE	0444	1000	1000	2339	1782376354000000000	a834a951e9e437268b9e89da1987f46bdb1eefbaa43363e89d2d3f5a302ab9d7	"01_v02_language_design_reference/tests/qbit_nova_qvm_v01_check.py"	""
FILE	0444	1000	1000	1199	1782382901000000000	51610b553a01da9b48ba8edd0d87b9190e7da1c9f7091f53c99a8299effc91b3	"01_v02_language_design_reference/tests/qbit_nova_release_archive_v02_check.py"	""
FILE	0444	1000	1000	595	1782382710000000000	07a3253aec2fa008a5c8a3679f0af22f8b342a82b33552ed02cdbe760c70614f	"01_v02_language_design_reference/tests/qbit_nova_release_checkpoint_v02_check.py"	""
FILE	0444	1000	1000	776	1782375604000000000	03c3105cc2e84c8832864113b1f01c1855e92de05a9f1663c6a005bd58e480bb	"01_v02_language_design_reference/tests/qbit_nova_self_hosting_roadmap_v01_check.py"	""
FILE	0444	1000	1000	2041	1782380742000000000	9acd52a37d31ab4067c929d07a4c6ae2334aa5cf141f36debda6b3926638877e	"01_v02_language_design_reference/tests/qbit_nova_syntax_v02_check.py"	""
FILE	0444	1000	1000	1630	1782345934000000000	9e88d244bef2e67c354f490e4c4c028b2f38aa5b540fc8030abdb084235690d3	"01_v02_language_design_reference/tests/qbit_nova_tokenizer_v01_check.py"	""
FILE	0444	1000	1000	1459	1782274658000000000	513e6842b08213ec0cba9dca7d870b8cea1c837c3376a4114082d4bf1b667bb7	"01_v02_language_design_reference/tests/qbit_nova_ud_contract_check.py"	""
FILE	0444	1000	1000	1448	1782278778000000000	9dca8ee98d8ba279d0742141755288e16be15356cdaa7a945e0ce2f588f9597d	"01_v02_language_design_reference/tests/qbit_nova_v03_contract_check.py"	""
FILE	0444	1000	1000	2284	1782290503000000000	89e462f2ea5051e2190a048c901c4fcb325f13a7e49157b1b0958197991919b8	"01_v02_language_design_reference/tests/qbit_nova_v04_conditional_check.py"	""
FILE	0444	1000	1000	1866	1782291099000000000	027329808e7adf81d902de7e115474340ddc2d3abfc11bcd49250c89ae8502c4	"01_v02_language_design_reference/tests/qbit_nova_v05_ast_check.py"	""
FILE	0444	1000	1000	1656	1782291572000000000	d209e1535270aa2d7c5e4ac4bcf6a492d50f75cc4a6b6050d9cc9529ad1885b7	"01_v02_language_design_reference/tests/qbit_nova_v06_semantic_check.py"	""
FILE	0444	1000	1000	993	1782296547000000000	105d47a7c8ee7625d471607f285be43581905066c2ecb89762b32cea249410c7	"01_v02_language_design_reference/tests/qbit_nova_v07_ast_base_check.py"	""
FILE	0444	1000	1000	2459	1782296722000000000	0ea115fd0981467cae28fd49502a9f85df00e6b6e8c76a1890ad918bff5e2965	"01_v02_language_design_reference/tests/qbit_nova_v07_native_engine_check.py"	""
FILE	0444	1000	1000	1556	1782297140000000000	abdb44e1ca32ff3d07d0e8db2afd5df36051dfbc662dfd483508c5e8f5dec3c5	"01_v02_language_design_reference/tests/qbit_nova_v08_pipeline_check.py"	""
FILE	0444	1000	1000	1066	1782297016000000000	f948a6a8893d093f597c3cc64b6bef2e09055c8e01feee1b9d4b7e78554127f3	"01_v02_language_design_reference/tests/qbit_nova_v08_tokenizer_check.py"	""
FILE	0444	1000	1000	1649	1782297820000000000	319f18c7f37f7429d9666eb9d9c9fbd4a4553e0a72c997bad9696f5dbc2de3ca	"01_v02_language_design_reference/tests/qbit_nova_v09_pipeline_check.py"	""
FILE	0444	1000	1000	1824	1782297573000000000	787d8996990d91933ab47868287dea72530895cbec596ec0e4941b1cce127d8b	"01_v02_language_design_reference/tests/qbit_nova_v09_token_parser_check.py"	""
FILE	0444	1000	1000	1955	1782300826000000000	0dfa25c30a3c8d82aa6bbb8a03922830022fd0a9ccbbb756cbeea6fe5cc12547	"01_v02_language_design_reference/tests/qbit_nova_v10_cli_native_check.py"	""
FILE	0444	1000	1000	1751	1782301216000000000	2c29726ccf0928edde0908ada9196d561ccea713109e2b3f55ecddd2d0da4db7	"01_v02_language_design_reference/tests/qbit_nova_v11_portable_launcher_check.py"	""
FILE	0444	1000	1000	1800	1782301703000000000	ad11ac58bf5e1c617a5ae8b85915f751fa197209b2f8f7366e609aa8a7b13fae	"01_v02_language_design_reference/tests/qbit_nova_v12_installer_check.py"	""
FILE	0444	1000	1000	2697	1782303018000000000	c9b69fef1d1fd0e9e4b344d66f0908d08b99fe2be946c698fef446bd8e951041	"01_v02_language_design_reference/tests/qbit_nova_v13_release_bundle_check.py"	""
FILE	0444	1000	1000	3389	1782303695000000000	759790775f522fe17057071521fb7e119c659dc714513bdeea9e55dfeb198ded	"01_v02_language_design_reference/tests/qbit_nova_v14_release_archive_check.py"	""
FILE	0444	1000	1000	1965	1781890601000000000	72ddc518fe97987ba731f8897394e24e1b2d9795b1a5dec19361607336a5d5fb	"01_v02_language_design_reference/tests/quantum_intent_core_check.py"	""
DIRECTORY	0555	1000	1000	4096	1784008386583020010	-	"01_v02_language_design_reference/tools"	""
FILE	0444	1000	1000	8931	1781132019000000000	0343d03535c6f7eaccf59baf1d3b470d62e5d63b4af760ee30cda23f0d5c07f1	"01_v02_language_design_reference/tools/analyze_universal_dragon.py"	""
FILE	0444	1000	1000	1495	1782302985000000000	f48c5a8956ffdd74625d28701a09a5bf35bf1404451726f8ba4103c1ec641714	"01_v02_language_design_reference/tools/build-qbit-nova-bundle.sh"	""
FILE	0444	1000	1000	1359	1781862688000000000	a5b6373d988b1ff6c9f24971a46bba7182fd8e6d461e948430a23bd97b36c76a	"01_v02_language_design_reference/tools/install-nova-wrapper-v2.sh"	""
FILE	0444	1000	1000	813	1782301703000000000	c346f45be8d6753acc417fd41d14c0de22a6902020102e43424c3fd25c1674e3	"01_v02_language_design_reference/tools/install-qbit-nova.sh"	""
FILE	0444	1000	1000	21960	1782300826000000000	4d975a6431d3b3a9dfa87b174e47cbac201c102efc698da618ebf216079b6d5d	"01_v02_language_design_reference/tools/nova_cli.ud"	""
FILE	0444	1000	1000	1437	1782303695000000000	60ae93421b727c672e566f366f19577a174d11e1e83514f641f398a2a0d5ba2b	"01_v02_language_design_reference/tools/package-qbit-nova-release.sh"	""
FILE	0444	1000	1000	381	1782382901000000000	b183c3848ce933e5f2a9cb9b9cf05ad0eb3376a595ae8acde46adf4d96aec40c	"01_v02_language_design_reference/tools/package_qbit_nova_v02_release.sh"	""
FILE	0444	1000	1000	174	1782301216000000000	7bedb54a825a206625913ea883f3ef434ef3cb4332c6ab44310da4a900623fae	"01_v02_language_design_reference/tools/qbit-nova"	""
FILE	0444	1000	1000	3117	1782375863000000000	b0ab295448ee50667b25841ddfbd3c307b162cb963683f86015b7e49c1dc1880	"01_v02_language_design_reference/tools/qbit_nova_ast_v01.py"	""
FILE	0444	1000	1000	2984	1782376192000000000	cef20a63f3dc34d575e8d6a82bbbb6a00c06cb49275b15a52b980bed04c723ba	"01_v02_language_design_reference/tools/qbit_nova_ir_v01.py"	""
FILE	0444	1000	1000	4430	1782372121000000000	c85389dd64e9ff8137a5a7448e58c87f857d2866bb92bf3afe4ad7f7964f35c4	"01_v02_language_design_reference/tools/qbit_nova_parser_v01.py"	""
FILE	0444	1000	1000	3927	1782377631000000000	799907f0984c73bf77068605763c68be75f896f3b56b3d463ac29e31021dce52	"01_v02_language_design_reference/tools/qbit_nova_qbc_runner_v01.py"	""
FILE	0444	1000	1000	2539	1782376998000000000	09e876814dd2d7ec8c1467a57f5474a3202f90d3b676b20b77b00edfee4ab8cf	"01_v02_language_design_reference/tools/qbit_nova_qbc_v01.py"	""
FILE	0444	1000	1000	3598	1782376354000000000	146c28c3022abc7a52252f852adcaab2344826b61b04526dda19fc0691579df2	"01_v02_language_design_reference/tools/qbit_nova_qvm_v01.py"	""
FILE	0444	1000	1000	1889	1782378193000000000	4f3c9a64884068da4c6c60d91e5a6c2ac2cb1a0b9c2fe347919f6f0489e88f18	"01_v02_language_design_reference/tools/qbit_nova_run_v01.py"	""
FILE	0444	1000	1000	2864	1782380742000000000	0cfee50ced104086c21f32801c79132a80cb57dc5d2f665798e885e9ef6c29e0	"01_v02_language_design_reference/tools/qbit_nova_syntax_v02.py"	""
FILE	0444	1000	1000	4202	1782345641000000000	642bcc9a7a8fc27fc3f8ff5fb8a00be9204bb388c3c6085455bc9a5d6e1b3f12	"01_v02_language_design_reference/tools/qbit_nova_tokenizer_v01.py"	""
FILE	0444	1000	1000	771	1782380984000000000	3d3f3abbf49706270882bfb104c67acb9cefa8fb67d0adcc4c1e5ad0d19baab5	"01_v02_language_design_reference/tools/qnova"	""
DIRECTORY	0555	1000	1000	4096	1784008386583020010	-	"01_v02_language_design_reference/tools/termux"	""
FILE	0444	1000	1000	670	1782048553000000000	01daa6d854f9af8f360e9f932af38829ef3bb592a70f848521f9a936e752eaf1	"01_v02_language_design_reference/tools/termux/nova"	""
DIRECTORY	0555	1000	1000	4096	1784008386644371146	-	"02_original_python_runtime_reference"	""
FILE	0444	1000	1000	683	1781082777000000000	3ca5e78046a9564ecda1483de4863292b7906a674004636b95975487d3e97c00	"02_original_python_runtime_reference/NOVA_LANGUAGE_SPEC_v0.1.md"	""
FILE	0444	1000	1000	627	1781087276000000000	89265fe161944f1e030253f17bcefe8c8d08e797fe5250dc5a740dbb753c9edd	"02_original_python_runtime_reference/NOVA_LANGUAGE_SPEC_v0.5.md"	""
FILE	0444	1000	1000	348	1781119621000000000	5f6b5d50cf18f202017cde9f3095251a5afce07684dc9eaf1da396bed4aa511f	"02_original_python_runtime_reference/NOVA_LANGUAGE_SPEC_v0.6.md"	""
FILE	0444	1000	1000	1169	1781110076000000000	34495cc0ad04948e0ddc497e0e7636276b722d472db47492471b8d1c69a4dbd7	"02_original_python_runtime_reference/NOVA_LANGUAGE_STACK_v0.1.md"	""
FILE	0444	1000	1000	1277	1781090277000000000	f36dbb6ce1ae05a1379faeb16c3081fd7e8baea33524ff9909967424fcb9b86b	"02_original_python_runtime_reference/NOVA_Q_SPEC_v0.1.md"	""
FILE	0444	1000	1000	497	1781131887000000000	25cf86949fcb6c145477a0cc932cfb7c4c66b2fdaff08b66c0377ad05cb1b19b	"02_original_python_runtime_reference/PI5_SYNC_GUIDE.md"	""
FILE	0444	1000	1000	691	1781091764000000000	039c4c75c03813166542f569ecac872025597f9ab5a689b7506279bd34c8319c	"02_original_python_runtime_reference/UNIVERSAL_DRAGON_CORE_MEANING_v0.1.md"	""
FILE	0444	1000	1000	422	1781119621000000000	920f98979d971b2097c58e8cba2693dd5a0283fa4f6fb8f292c439ac58ccb022	"02_original_python_runtime_reference/UNIVERSAL_DRAGON_ECOSYSTEM.md"	""
FILE	0444	1000	1000	2356	1781131887000000000	80f2ed55943e73059d65d567301cf1f8c668c51eb8a0bdb61bfafaa02d67bfd7	"02_original_python_runtime_reference/UNIVERSAL_DRAGON_MANIFEST.md"	""
DIRECTORY	0555	1000	1000	4096	1784008386621213837	-	"02_original_python_runtime_reference/adapters"	""
FILE	0444	1000	1000	528	1781905401000000000	260af8988ae7c97fd066876f908ba0239a9fda2a08387c93f0b4a0b3f15b2fb1	"02_original_python_runtime_reference/adapters/ADAPTER_STATUS.txt"	""
FILE	0444	1000	1000	429	1781110410000000000	26195984370669a62810f7d9854dea2c1fcbc3212915a857fef4c27b4e00d970	"02_original_python_runtime_reference/adapters/NovaJavaTest.class"	""
FILE	0444	1000	1000	103	1781110409000000000	9b895fce6ea0bd1ce88436723174805f3a119eac5553e17a95a78cda19d91bd9	"02_original_python_runtime_reference/adapters/NovaJavaTest.java"	""
FILE	0444	1000	1000	612	1781163698000000000	279af72fc1da1ee7c1af4baedc239cb100849e73f63571e764d2356b6f13f5d0	"02_original_python_runtime_reference/adapters/adapter_check.sh"	""
DIRECTORY	0555	1000	1000	4096	1784008386620547657	-	"02_original_python_runtime_reference/adapters/qbit"	""
FILE	0444	1000	1000	1723	1781164490000000000	0b8dc41e2d6412f79f089dafa3e49070b1704c27f53bb2ef648e4292b56b2f25	"02_original_python_runtime_reference/adapters/qbit/qsim.py"	""
FILE	0444	1000	1000	5808	1781110406000000000	9484a974544a7b227b06a360699b2410871d7e0be531feefe8e19555faa43faa	"02_original_python_runtime_reference/adapters/test_c"	""
FILE	0444	1000	1000	66	1781110405000000000	6228006af335495924837a4a39898a2ea93e1e38c67b003ff1c36bfaab8cc28d	"02_original_python_runtime_reference/adapters/test_c.c"	""
FILE	0444	1000	1000	53360	1781110408000000000	ef7d948e8043bb1d58cb732676da98fbcfe9ffe7e0e26dd8240eb1cabb03cbea	"02_original_python_runtime_reference/adapters/test_cpp"	""
FILE	0444	1000	1000	72	1781110406000000000	4028fa4c8ad15fcc4ff6a459cd1ad9b203ba10231284adb247b31a5bbf76a4bb	"02_original_python_runtime_reference/adapters/test_cpp.cpp"	""
FILE	0444	1000	1000	529680	1781110696000000000	0099780cc1a4704edd9a438326e538419bfeafa381f173051b97ded77a5bb581	"02_original_python_runtime_reference/adapters/test_rust"	""
FILE	0444	1000	1000	40	1781110695000000000	32f837441aca6346df5eb7e0c7f5db5de0f6831648315daeb3e74fe7086c17bd	"02_original_python_runtime_reference/adapters/test_rust.rs"	""
DIRECTORY	0555	1000	1000	4096	1784008386622037109	-	"02_original_python_runtime_reference/apps"	""
DIRECTORY	0555	1000	1000	4096	1784008386621540001	-	"02_original_python_runtime_reference/apps/dragon-test"	""
FILE	0444	1000	1000	40	1781083205000000000	aa3569925976385dcdf9fb013b86dba2018d9ed999e3876fbe4ca645994af03f	"02_original_python_runtime_reference/apps/dragon-test/main.nova"	""
DIRECTORY	0555	1000	1000	4096	1784008386621816184	-	"02_original_python_runtime_reference/apps/hello"	""
FILE	0444	1000	1000	34	1781097014000000000	f8faeffd72765476ab23ea2a398c9b41f6779884678c64ed3fc7cda09265a10d	"02_original_python_runtime_reference/apps/hello/ABOUT.txt"	""
FILE	0444	1000	1000	66	1781097014000000000	babfd7c1d377d51edb84c8f19276f34684fa0921f219b5172dfdc34e22fb4f6e	"02_original_python_runtime_reference/apps/hello/main.nova"	""
DIRECTORY	0555	1000	1000	4096	1784008386621916258	-	"02_original_python_runtime_reference/apps/nova-course"	""
FILE	0444	1000	1000	40	1781083394000000000	984c89541b9ed985df647ccc018471f9e91b443cf1607df5eae3fee59a79ab0a	"02_original_python_runtime_reference/apps/nova-course/main.nova"	""
DIRECTORY	0555	1000	1000	4096	1784008386622153478	-	"02_original_python_runtime_reference/apps/status-tool"	""
FILE	0444	1000	1000	132	1781091923000000000	106234be0c9501b6932e4bd1e501f0f7c996f2c1edb42e794b2b1d35b76cb2d7	"02_original_python_runtime_reference/apps/status-tool/ABOUT.txt"	""
FILE	0444	1000	1000	73	1781091923000000000	99d9f37cabc47438f1099bfbc4b72c7c721a102132d62dcc08f9490967b4da64	"02_original_python_runtime_reference/apps/status-tool/main.nova"	""
DIRECTORY	0555	1000	1000	4096	1784008386628245414	-	"02_original_python_runtime_reference/backups"	""
FILE	0444	1000	1000	4234	1781119621000000000	70a8b2cd421b3cbc510ede1484fee0a115e71937216afc9756ed094437179161	"02_original_python_runtime_reference/backups/UNIVERSAL_DRAGON_MANIFEST_v0.1_stable.md"	""
FILE	0444	1000	1000	9058	1781109483000000000	5f9b825abefb3539dafcc62d101a647f3f9c6f98b37a4358c4efa4f0661f2244	"02_original_python_runtime_reference/backups/nova_before_backup_fast_fix_20260610_203803"	""
FILE	0444	1000	1000	2219	1781179590000000000	775f3ec020d50ca26c8de325c95dfaa6409f403a8d474e6ad5ac4b21e54cfee2	"02_original_python_runtime_reference/backups/nova_launcher_before_doctor_adapter_v1.3.4"	""
FILE	0444	1000	1000	1570	1781178355000000000	3906c1fa08d44eeeaace0570ae078c2564e6140dcab9988a38800348c51bc383	"02_original_python_runtime_reference/backups/nova_launcher_before_notes_v1.3.4"	""
FILE	0444	1000	1000	86	1781164834000000000	cd0f3a51bc9c506ffd736daf1f6e5b99a98a18db3025e7607d50d65ddef21818	"02_original_python_runtime_reference/backups/nova_launcher_before_router_v1.3.2"	""
FILE	0444	1000	1000	345	1781166718000000000	4e08d1bf6078a444521586bfedf11142801dd419bcc1e7317d9b883bde443d98	"02_original_python_runtime_reference/backups/nova_launcher_before_v1.3.3_run_router"	""
FILE	0444	1000	1000	2602	1781182349000000000	68eed07d5eaf4ad8b12dcbfcb65c89f7cfd39a1e2451f1efb4e50da03da2ece7	"02_original_python_runtime_reference/backups/nova_launcher_before_version_label_v1.3.4"	""
FILE	0444	1000	1000	20529	1781184040000000000	76e0cbc459b5f6fd90540e578d86cb3195bc352f2afa8d1cf5be1d306571b986	"02_original_python_runtime_reference/backups/nova_py_before_doctor_label_v1.3.4"	""
FILE	0444	1000	1000	2324	1781080373000000000	ccb4db8e8eaa12b13e658b658856a24b4ef0ce0120e7f01422f8fcbcca75bcd8	"02_original_python_runtime_reference/backups/nova_v0.1_working"	""
FILE	0444	1000	1000	2946	1781080510000000000	63b714dfaed78692a5b273bcaf8349d174fda086d95b9cee283e10c8e52865a3	"02_original_python_runtime_reference/backups/nova_v0.2_working"	""
FILE	0444	1000	1000	4467	1781081838000000000	e49679ca3b1016b11f79ead8bb1bf165d4c14ac88002c446da33fac177d44f7d	"02_original_python_runtime_reference/backups/nova_v0.3_before_note_fix"	""
FILE	0444	1000	1000	4813	1781083199000000000	6b679727ec2237baff98c7012bb40ffccdef341396abafad77158964475326db	"02_original_python_runtime_reference/backups/nova_v0.3_before_v0.4"	""
FILE	0444	1000	1000	4813	1781082277000000000	6b679727ec2237baff98c7012bb40ffccdef341396abafad77158964475326db	"02_original_python_runtime_reference/backups/nova_v0.3_stable"	""
FILE	0444	1000	1000	5721	1781087276000000000	58d0ef999d56f3cc1fa87a8f70e6705a8b7c78df2f00e5f7935b8b688d922e2e	"02_original_python_runtime_reference/backups/nova_v0.4_before_v0.5"	""
FILE	0444	1000	1000	5721	1781083522000000000	58d0ef999d56f3cc1fa87a8f70e6705a8b7c78df2f00e5f7935b8b688d922e2e	"02_original_python_runtime_reference/backups/nova_v0.4_final_stable"	""
FILE	0444	1000	1000	5721	1781083411000000000	58d0ef999d56f3cc1fa87a8f70e6705a8b7c78df2f00e5f7935b8b688d922e2e	"02_original_python_runtime_reference/backups/nova_v0.4_stable"	""
FILE	0444	1000	1000	8593	1781088519000000000	c095b8b95defa212b58de5f383d9f568a6c0157fcbe7757a3fe053306f1f657c	"02_original_python_runtime_reference/backups/nova_v0.5_before_v0.6"	""
FILE	0444	1000	1000	8593	1781088077000000000	c095b8b95defa212b58de5f383d9f568a6c0157fcbe7757a3fe053306f1f657c	"02_original_python_runtime_reference/backups/nova_v0.5_final_stable"	""
FILE	0444	1000	1000	8593	1781087276000000000	c095b8b95defa212b58de5f383d9f568a6c0157fcbe7757a3fe053306f1f657c	"02_original_python_runtime_reference/backups/nova_v0.5_stable"	""
FILE	0444	1000	1000	9136	1781109606000000000	695722c5f118b48567fb3fcc4fb891f5876ea05eebfd90d7b0e0f260730b57db	"02_original_python_runtime_reference/backups/nova_v0.6.1_backup_fast_final_stable"	""
FILE	0444	1000	1000	9028	1781091476000000000	7045fa4f864690a914afbbda9be6db89fbd2f784f3a40aa59061afab5039f1e1	"02_original_python_runtime_reference/backups/nova_v0.6_before_no_guard"	""
FILE	0444	1000	1000	9028	1781088519000000000	7045fa4f864690a914afbbda9be6db89fbd2f784f3a40aa59061afab5039f1e1	"02_original_python_runtime_reference/backups/nova_v0.6_stable"	""
FILE	0444	1000	1000	3215	1781110397000000000	bb5bbc2ccccdc49be0518188e8f778251cb020a2fc413c2feaaaf2742683b986	"02_original_python_runtime_reference/backups/novaadapter_v0.1_stable"	""
FILE	0444	1000	1000	1189	1781109674000000000	a34b0651d56bde937c2ac74d4318c77c0fe1adc672fbd6da11fc3b14e9144cd1	"02_original_python_runtime_reference/backups/novabackup_v0.1.1_stable"	""
FILE	0444	1000	1000	577	1781109672000000000	9729c36067662d666438ffec82a678e72f7b93ae8e0eea9ff15e7faacb05ce65	"02_original_python_runtime_reference/backups/novabackup_v0.1_before_clean_fix"	""
FILE	0444	1000	1000	1875	1781114934000000000	21437a79138ba207a6cf2e6cd3323f06cf36fa262b649fa2b55b46476390ac26	"02_original_python_runtime_reference/backups/novadoctor_v0.1_stable"	""
FILE	0444	1000	1000	1641	1781117647000000000	e1a6444d8ee39d307f0d78cf81567a059e96053e0081723c8291fd4eea9f7928	"02_original_python_runtime_reference/backups/novamanifest_v0.1_stable"	""
FILE	0444	1000	1000	1705	1781117258000000000	aaddf2c3098fe74158e7feae8866201054fe1a8d2ebe0ad0910be6b1c8e01550	"02_original_python_runtime_reference/backups/novarecover_v0.1_stable"	""
FILE	0444	1000	1000	750	1781110872000000000	a49bd552976a8e51bb920e73be6cae69a68612a6ef40b0b34edb9ae8ea44513c	"02_original_python_runtime_reference/backups/novareport_v0.1_stable"	""
FILE	0444	1000	1000	1444	1781109774000000000	efb4728d1ca957d379c053686446a57f67affc951290aee0778e0cae82ca0cce	"02_original_python_runtime_reference/backups/novarestore_v0.1_stable"	""
FILE	0444	1000	1000	1742	1781096998000000000	ddb61bcc9a5d06390ceffbe7dcdb9e2824e9d1ef3d682f554aca9451cc4fea91	"02_original_python_runtime_reference/backups/novaterm_v0.1_before_v0.2"	""
FILE	0444	1000	1000	1742	1781096939000000000	ddb61bcc9a5d06390ceffbe7dcdb9e2824e9d1ef3d682f554aca9451cc4fea91	"02_original_python_runtime_reference/backups/novaterm_v0.1_final_stable"	""
FILE	0444	1000	1000	1742	1781094899000000000	ddb61bcc9a5d06390ceffbe7dcdb9e2824e9d1ef3d682f554aca9451cc4fea91	"02_original_python_runtime_reference/backups/novaterm_v0.1_stable"	""
FILE	0444	1000	1000	2955	1781098127000000000	fc192ea07bb1b51e39ab27334e412b90af872efbc604e3173d7ab6cd3cbe34d0	"02_original_python_runtime_reference/backups/novaterm_v0.2_before_v0.3"	""
FILE	0444	1000	1000	2955	1781097273000000000	fc192ea07bb1b51e39ab27334e412b90af872efbc604e3173d7ab6cd3cbe34d0	"02_original_python_runtime_reference/backups/novaterm_v0.2_final_stable"	""
FILE	0444	1000	1000	2955	1781096998000000000	fc192ea07bb1b51e39ab27334e412b90af872efbc604e3173d7ab6cd3cbe34d0	"02_original_python_runtime_reference/backups/novaterm_v0.2_stable"	""
FILE	0444	1000	1000	4757	1781111154000000000	b8e1df759e8e4fbe1265fc38d122b0d008699fc128c1109ba438b8e4d8a9c67c	"02_original_python_runtime_reference/backups/novaterm_v0.3_before_v0.4"	""
FILE	0444	1000	1000	4757	1781109406000000000	b8e1df759e8e4fbe1265fc38d122b0d008699fc128c1109ba438b8e4d8a9c67c	"02_original_python_runtime_reference/backups/novaterm_v0.3_final_stable"	""
FILE	0444	1000	1000	4757	1781098127000000000	b8e1df759e8e4fbe1265fc38d122b0d008699fc128c1109ba438b8e4d8a9c67c	"02_original_python_runtime_reference/backups/novaterm_v0.3_stable"	""
FILE	0444	1000	1000	5469	1781117366000000000	1ef31d64be72baafbdd132f561e205fca5e0212833bdaf3b9f76a6aa40af5ee7	"02_original_python_runtime_reference/backups/novaterm_v0.4.1_before_recover_shortcut"	""
FILE	0444	1000	1000	5469	1781117144000000000	1ef31d64be72baafbdd132f561e205fca5e0212833bdaf3b9f76a6aa40af5ee7	"02_original_python_runtime_reference/backups/novaterm_v0.4.1_final_stable"	""
FILE	0444	1000	1000	5469	1781117084000000000	1ef31d64be72baafbdd132f561e205fca5e0212833bdaf3b9f76a6aa40af5ee7	"02_original_python_runtime_reference/backups/novaterm_v0.4.1_stable"	""
FILE	0444	1000	1000	5571	1781117417000000000	b91b4ed3fbf65f0bfd12c4498d341ad181b5d5d1eca3b9a8fb8db860aabbdc97	"02_original_python_runtime_reference/backups/novaterm_v0.4.2_final_stable"	""
FILE	0444	1000	1000	5571	1781117368000000000	b91b4ed3fbf65f0bfd12c4498d341ad181b5d5d1eca3b9a8fb8db860aabbdc97	"02_original_python_runtime_reference/backups/novaterm_v0.4.2_stable"	""
FILE	0444	1000	1000	5378	1781117082000000000	8b3efbae21552feed29020be3d40e4556b2032a3202af19666d0e60e261cbee5	"02_original_python_runtime_reference/backups/novaterm_v0.4_before_doctor_shortcut"	""
FILE	0444	1000	1000	5378	1781111216000000000	8b3efbae21552feed29020be3d40e4556b2032a3202af19666d0e60e261cbee5	"02_original_python_runtime_reference/backups/novaterm_v0.4_final_stable"	""
FILE	0444	1000	1000	5378	1781111155000000000	8b3efbae21552feed29020be3d40e4556b2032a3202af19666d0e60e261cbee5	"02_original_python_runtime_reference/backups/novaterm_v0.4_stable"	""
FILE	0444	1000	1000	2048	1781091476000000000	c6e6d6068f95f2300f2649a58d2888bd072a5cfde12a7fdd7d89ed592869ac63	"02_original_python_runtime_reference/backups/novatool_before_no_guard"	""
FILE	0444	1000	1000	2048	1781091240000000000	c6e6d6068f95f2300f2649a58d2888bd072a5cfde12a7fdd7d89ed592869ac63	"02_original_python_runtime_reference/backups/novatool_v0.1.1_stable"	""
FILE	0444	1000	1000	1801	1781091239000000000	8944c4d88297c06f0948ce4dd08f57237b948e7b307ceba9b9f2057f98503fdd	"02_original_python_runtime_reference/backups/novatool_v0.1_before_hash_fix"	""
FILE	0444	1000	1000	2048	1781091916000000000	c6e6d6068f95f2300f2649a58d2888bd072a5cfde12a7fdd7d89ed592869ac63	"02_original_python_runtime_reference/backups/novatool_v0.1_before_v0.2"	""
FILE	0444	1000	1000	3152	1781091916000000000	31ba07719d10e5eb88a9ed9dd8808c27171a968f4e0b886c0b3c15ff01ebb8ed	"02_original_python_runtime_reference/backups/novatool_v0.2_stable"	""
FILE	0444	1000	1000	12554	1781127236000000000	4895db532ea30c81e8e8e97b09efc76dd4d99e400f6918efdde20c7d15a32eb6	"02_original_python_runtime_reference/backups/termux_nova_py_core_v1.0_mobile_stable.py"	""
FILE	0444	1000	1000	14951	1781127465000000000	89b0a6c8eaf0a0309fe79401eaeb9f75340e9354254f84949daad6672a20294d	"02_original_python_runtime_reference/backups/termux_nova_py_core_v1.1_doctor_manifest_export_stable.py"	""
FILE	0444	1000	1000	16629	1781130992000000000	5d15d7b4087401aea393c1ddc82165a267d00a231f7d5edce17e8f3cfbe7b157	"02_original_python_runtime_reference/backups/termux_nova_py_core_v1.2.1_safe_import_stable.py"	""
FILE	0444	1000	1000	16533	1781127882000000000	624256ba843de9b58d8310c61ecb1c56a25f408626ae3889a458b17254739ecd	"02_original_python_runtime_reference/backups/termux_nova_py_core_v1.2_import_preview_stable.py"	""
FILE	0444	1000	1000	20529	1781161996000000000	76e0cbc459b5f6fd90540e578d86cb3195bc352f2afa8d1cf5be1d306571b986	"02_original_python_runtime_reference/backups/termux_nova_py_core_v1.3.1_before_packager.py"	""
FILE	0444	1000	1000	20529	1781131561000000000	76e0cbc459b5f6fd90540e578d86cb3195bc352f2afa8d1cf5be1d306571b986	"02_original_python_runtime_reference/backups/termux_nova_py_core_v1.3.1_synccheck_stable.py"	""
FILE	0444	1000	1000	19461	1781131491000000000	264f0eb3aff88d9a8a92cbab993b769763facf2b6ddb319b840e97aaa5c448c7	"02_original_python_runtime_reference/backups/termux_nova_py_core_v1.3_pi5_syncpack_stable.py"	""
FILE	0444	1000	1000	9136	1781127193000000000	695722c5f118b48567fb3fcc4fb891f5876ea05eebfd90d7b0e0f260730b57db	"02_original_python_runtime_reference/backups/termux_old_nova_before_python_v1_20260611_013313"	""
DIRECTORY	0555	1000	1000	4096	1784008386628363043	-	"02_original_python_runtime_reference/course"	""
FILE	0444	1000	1000	300	1781087284000000000	f7fef432996abd52bcaa25c2c3fb53342a3dc1616d97996061e1511a643664b0	"02_original_python_runtime_reference/course/NOVA_COURSE_v0.1.md"	""
DIRECTORY	0555	1000	1000	4096	1784008386628603745	-	"02_original_python_runtime_reference/docs"	""
FILE	0444	1000	1000	2607	1781158818000000000	048385e58bd9a388e4c90631ae6b2788854435ced3a460c84652cbb92e354f97	"02_original_python_runtime_reference/docs/ASLAM_MOVING_CONTROL_ROOM_HISTORY.md"	""
FILE	0444	1000	1000	1213	1781158627000000000	97cd5a24b9d911258a789e4553b91737ce26aab151d70284a3294606eda5dc6e	"02_original_python_runtime_reference/docs/NOVA_LINK_MASTER_KEY_PLAN.md"	""
FILE	0444	1000	1000	98	1781164148000000000	f9a68382816b4a1da707e9a8840bca2b77737aeb603c711d60d53accbdf9596d	"02_original_python_runtime_reference/hello_core.nova"	""
DIRECTORY	0555	1000	1000	4096	1784008386628801429	-	"02_original_python_runtime_reference/lib"	""
FILE	0444	1000	1000	158	1781127222000000000	d42128d730b38b4388715d141c0314554fc95d47ba0c4ad088613250076524fd	"02_original_python_runtime_reference/lib/dragon_lib.nova"	""
DIRECTORY	0555	1000	1000	4096	1784008386629466350	-	"02_original_python_runtime_reference/memory"	""
FILE	0444	1000	1000	46352	1781983460000000000	71857cd789eda8d8020239c79d5ff3136b73e93b9bce2addd7592f55242bff2c	"02_original_python_runtime_reference/memory/history.txt"	""
FILE	0444	1000	1000	19508	1781983459000000000	fb54e9c73993e5190ef86fbb86426b2e647768cf925f5478e97ba42569e932b9	"02_original_python_runtime_reference/memory/memory.txt"	""
FILE	0444	1000	1000	236	1781083497000000000	70ece2f0783abb4c9929d71f26d00a4ce8185200491063f740c7beedf44e1cb8	"02_original_python_runtime_reference/memory/memory_before_hack.txt"	""
FILE	0444	1000	1000	10	1781117380000000000	908f334f844a5ab58a8eefe8cd7977cd9b6fd220e74ee0f022336478b5285437	"02_original_python_runtime_reference/memory/novaterm_aliases.txt"	""
FILE	0444	1000	1000	541	1781117391000000000	c10a9b1e63a44e524384235ed1293a0e2bf77112f5c1a634f98f9170cb0e5d35	"02_original_python_runtime_reference/memory/novaterm_commands.txt"	""
FILE	0444	1000	1000	255	1781119621000000000	796ec252f475f10d0dcc1607908b709c9a23c8e23c54abd72da87307b5fe64cb	"02_original_python_runtime_reference/memory/state.sha256"	""
FILE	0444	1000	1000	253	1781127222000000000	2548b478d9d26fee6285060d62c578a0acbdae4fcf54b7913bfadd7a3ba055e0	"02_original_python_runtime_reference/mobile_test.nova"	""
DIRECTORY	0555	1000	1000	4096	1784008386629681755	-	"02_original_python_runtime_reference/modules"	""
DIRECTORY	0555	1000	1000	4096	1784008386629681755	-	"02_original_python_runtime_reference/modules/memory-core"	""
FILE	0444	1000	1000	79	1781087284000000000	b7186e5fcce87a92a757818ff0c1fe38a61c8c73aa8825e6d69413b33f78083f	"02_original_python_runtime_reference/modules/memory-core/main.nova"	""
DIRECTORY	0555	1000	1000	4096	1784008386629827458	-	"02_original_python_runtime_reference/notes"	""
FILE	0444	1000	1000	508	1782269190893070000	1d8a79ef2832daa3683d1973d84d3de37a5893a24e124a6f6d3fb3e85ecfbeb5	"02_original_python_runtime_reference/notes/nova_notes.log"	""
FILE	0444	1000	1000	20532	1781184040000000000	3bf041067f110a453044ae0b026cb7e358b3e443d46b197e5f6c84035875ba98	"02_original_python_runtime_reference/nova.py"	""
DIRECTORY	0555	1000	1000	4096	1784008386634127019	-	"02_original_python_runtime_reference/packages"	""
DIRECTORY	0555	1000	1000	4096	1784008386630240048	-	"02_original_python_runtime_reference/packages/nova_1.0"	""
DIRECTORY	0555	1000	1000	4096	1784008386630053993	-	"02_original_python_runtime_reference/packages/nova_1.0/DEBIAN"	""
FILE	0444	1000	1000	271	1781162089000000000	85daa449bc59c203b06245ad2c7cd4870e0848ce00bcfde5107c517f9b7754d4	"02_original_python_runtime_reference/packages/nova_1.0/DEBIAN/control"	""
DIRECTORY	0555	1000	1000	4096	1784008386630240048	-	"02_original_python_runtime_reference/packages/nova_1.0/data"	""
DIRECTORY	0555	1000	1000	4096	1784008386630240048	-	"02_original_python_runtime_reference/packages/nova_1.0/data/data"	""
DIRECTORY	0555	1000	1000	4096	1784008386630240048	-	"02_original_python_runtime_reference/packages/nova_1.0/data/data/com.termux"	""
DIRECTORY	0555	1000	1000	4096	1784008386630240048	-	"02_original_python_runtime_reference/packages/nova_1.0/data/data/com.termux/files"	""
DIRECTORY	0555	1000	1000	4096	1784008386630240048	-	"02_original_python_runtime_reference/packages/nova_1.0/data/data/com.termux/files/usr"	""
DIRECTORY	0555	1000	1000	4096	1784008386630240048	-	"02_original_python_runtime_reference/packages/nova_1.0/data/data/com.termux/files/usr/bin"	""
FILE	0444	1000	1000	86	1781162089000000000	cd0f3a51bc9c506ffd736daf1f6e5b99a98a18db3025e7607d50d65ddef21818	"02_original_python_runtime_reference/packages/nova_1.0/data/data/com.termux/files/usr/bin/nova"	""
FILE	0444	1000	1000	920	1781162245000000000	d8fab7992dddd015f837c68a642f91bf0ad5c19992ebfa076d32ae8d7b10b2b4	"02_original_python_runtime_reference/packages/nova_1.0_all.deb"	""
DIRECTORY	0555	1000	1000	4096	1784008386630767303	-	"02_original_python_runtime_reference/packages/nova_1.3.2"	""
DIRECTORY	0555	1000	1000	4096	1784008386630614526	-	"02_original_python_runtime_reference/packages/nova_1.3.2/DEBIAN"	""
FILE	0444	1000	1000	251	1781164959000000000	55809d6793626cbc4ddf34274c634dff2d0e7349cb062e7c6f061599572d2b4b	"02_original_python_runtime_reference/packages/nova_1.3.2/DEBIAN/control"	""
DIRECTORY	0555	1000	1000	4096	1784008386630767303	-	"02_original_python_runtime_reference/packages/nova_1.3.2/data"	""
DIRECTORY	0555	1000	1000	4096	1784008386630767303	-	"02_original_python_runtime_reference/packages/nova_1.3.2/data/data"	""
DIRECTORY	0555	1000	1000	4096	1784008386630767303	-	"02_original_python_runtime_reference/packages/nova_1.3.2/data/data/com.termux"	""
DIRECTORY	0555	1000	1000	4096	1784008386630767303	-	"02_original_python_runtime_reference/packages/nova_1.3.2/data/data/com.termux/files"	""
DIRECTORY	0555	1000	1000	4096	1784008386630767303	-	"02_original_python_runtime_reference/packages/nova_1.3.2/data/data/com.termux/files/usr"	""
DIRECTORY	0555	1000	1000	4096	1784008386630767303	-	"02_original_python_runtime_reference/packages/nova_1.3.2/data/data/com.termux/files/usr/bin"	""
FILE	0444	1000	1000	345	1781164959000000000	4e08d1bf6078a444521586bfedf11142801dd419bcc1e7317d9b883bde443d98	"02_original_python_runtime_reference/packages/nova_1.3.2/data/data/com.termux/files/usr/bin/nova"	""
DIRECTORY	0555	1000	1000	4096	1784008386631170689	-	"02_original_python_runtime_reference/packages/nova_1.3.3"	""
DIRECTORY	0555	1000	1000	4096	1784008386631022208	-	"02_original_python_runtime_reference/packages/nova_1.3.3/DEBIAN"	""
FILE	0444	1000	1000	264	1781167917000000000	1b8f9955088f5424598b49ff4b6afacc6bf9acf4d02befbc51c7d9f6277a0458	"02_original_python_runtime_reference/packages/nova_1.3.3/DEBIAN/control"	""
DIRECTORY	0555	1000	1000	4096	1784008386631170689	-	"02_original_python_runtime_reference/packages/nova_1.3.3/data"	""
DIRECTORY	0555	1000	1000	4096	1784008386631170689	-	"02_original_python_runtime_reference/packages/nova_1.3.3/data/data"	""
DIRECTORY	0555	1000	1000	4096	1784008386631170689	-	"02_original_python_runtime_reference/packages/nova_1.3.3/data/data/com.termux"	""
DIRECTORY	0555	1000	1000	4096	1784008386631170689	-	"02_original_python_runtime_reference/packages/nova_1.3.3/data/data/com.termux/files"	""
DIRECTORY	0555	1000	1000	4096	1784008386631170689	-	"02_original_python_runtime_reference/packages/nova_1.3.3/data/data/com.termux/files/usr"	""
DIRECTORY	0555	1000	1000	4096	1784008386631170689	-	"02_original_python_runtime_reference/packages/nova_1.3.3/data/data/com.termux/files/usr/bin"	""
FILE	0444	1000	1000	1570	1781167917000000000	3906c1fa08d44eeeaace0570ae078c2564e6140dcab9988a38800348c51bc383	"02_original_python_runtime_reference/packages/nova_1.3.3/data/data/com.termux/files/usr/bin/nova"	""
FILE	0444	1000	1000	1492	1781167917000000000	468ea19fc3b6b6e9375a0f5eda9e49c85800abc52f84557ffa1e82c304ef783c	"02_original_python_runtime_reference/packages/nova_1.3.3_all.deb"	""
DIRECTORY	0555	1000	1000	4096	1784008386631695222	-	"02_original_python_runtime_reference/packages/nova_1.3.4_dev1"	""
DIRECTORY	0555	1000	1000	4096	1784008386631539297	-	"02_original_python_runtime_reference/packages/nova_1.3.4_dev1/DEBIAN"	""
FILE	0444	1000	1000	335	1781182732000000000	b688be52d1a8d61c55f944399da091b503ac1c494de48c2d6f8df7f74bf253da	"02_original_python_runtime_reference/packages/nova_1.3.4_dev1/DEBIAN/control"	""
DIRECTORY	0555	1000	1000	4096	1784008386631695222	-	"02_original_python_runtime_reference/packages/nova_1.3.4_dev1/data"	""
DIRECTORY	0555	1000	1000	4096	1784008386631695222	-	"02_original_python_runtime_reference/packages/nova_1.3.4_dev1/data/data"	""
DIRECTORY	0555	1000	1000	4096	1784008386631695222	-	"02_original_python_runtime_reference/packages/nova_1.3.4_dev1/data/data/com.termux"	""
DIRECTORY	0555	1000	1000	4096	1784008386631695222	-	"02_original_python_runtime_reference/packages/nova_1.3.4_dev1/data/data/com.termux/files"	""
DIRECTORY	0555	1000	1000	4096	1784008386631695222	-	"02_original_python_runtime_reference/packages/nova_1.3.4_dev1/data/data/com.termux/files/usr"	""
DIRECTORY	0555	1000	1000	4096	1784008386631695222	-	"02_original_python_runtime_reference/packages/nova_1.3.4_dev1/data/data/com.termux/files/usr/bin"	""
FILE	0444	1000	1000	2917	1781182732000000000	b5a0bbcce00f5486afbca624f01a01ab9d4a79a1646e1b08a31cd8152e69f3d8	"02_original_python_runtime_reference/packages/nova_1.3.4_dev1/data/data/com.termux/files/usr/bin/nova"	""
FILE	0444	1000	1000	1960	1781182732000000000	c65f67195478c70c1ce8188d759a9a4d8e44589ad60071a5e80756c7d0f5d1af	"02_original_python_runtime_reference/packages/nova_1.3.4_dev1_all.deb"	""
DIRECTORY	0555	1000	1000	4096	1784008386632203033	-	"02_original_python_runtime_reference/packages/nova_1.3.5_dev1"	""
DIRECTORY	0555	1000	1000	4096	1784008386632057071	-	"02_original_python_runtime_reference/packages/nova_1.3.5_dev1/DEBIAN"	""
FILE	0444	1000	1000	393	1781184566000000000	91912e2258ae91b3ceaa1a39356873f05f3c47f0b9eca8262d1d32e679e773b6	"02_original_python_runtime_reference/packages/nova_1.3.5_dev1/DEBIAN/control"	""
DIRECTORY	0555	1000	1000	4096	1784008386632203033	-	"02_original_python_runtime_reference/packages/nova_1.3.5_dev1/data"	""
DIRECTORY	0555	1000	1000	4096	1784008386632203033	-	"02_original_python_runtime_reference/packages/nova_1.3.5_dev1/data/data"	""
DIRECTORY	0555	1000	1000	4096	1784008386632203033	-	"02_original_python_runtime_reference/packages/nova_1.3.5_dev1/data/data/com.termux"	""
DIRECTORY	0555	1000	1000	4096	1784008386632203033	-	"02_original_python_runtime_reference/packages/nova_1.3.5_dev1/data/data/com.termux/files"	""
DIRECTORY	0555	1000	1000	4096	1784008386632453790	-	"02_original_python_runtime_reference/packages/nova_1.3.5_dev1/data/data/com.termux/files/usr"	""
DIRECTORY	0555	1000	1000	4096	1784008386632203033	-	"02_original_python_runtime_reference/packages/nova_1.3.5_dev1/data/data/com.termux/files/usr/bin"	""
FILE	0444	1000	1000	1950	1781184558000000000	484c1a4732967322428f34f6ae9cb0f27ef5c16c360a43cc37f752310b547cba	"02_original_python_runtime_reference/packages/nova_1.3.5_dev1/data/data/com.termux/files/usr/bin/nova"	""
DIRECTORY	0555	1000	1000	4096	1784008386632453790	-	"02_original_python_runtime_reference/packages/nova_1.3.5_dev1/data/data/com.termux/files/usr/share"	""
DIRECTORY	0555	1000	1000	4096	1784008386632918509	-	"02_original_python_runtime_reference/packages/nova_1.3.5_dev1/data/data/com.termux/files/usr/share/nova"	""
DIRECTORY	0555	1000	1000	4096	1784008386632658881	-	"02_original_python_runtime_reference/packages/nova_1.3.5_dev1/data/data/com.termux/files/usr/share/nova/adapters"	""
FILE	0444	1000	1000	612	1781184545000000000	279af72fc1da1ee7c1af4baedc239cb100849e73f63571e764d2356b6f13f5d0	"02_original_python_runtime_reference/packages/nova_1.3.5_dev1/data/data/com.termux/files/usr/share/nova/adapters/adapter_check.sh"	""
DIRECTORY	0555	1000	1000	4096	1784008386632658881	-	"02_original_python_runtime_reference/packages/nova_1.3.5_dev1/data/data/com.termux/files/usr/share/nova/adapters/qbit"	""
FILE	0444	1000	1000	1723	1781184545000000000	0b8dc41e2d6412f79f089dafa3e49070b1704c27f53bb2ef648e4292b56b2f25	"02_original_python_runtime_reference/packages/nova_1.3.5_dev1/data/data/com.termux/files/usr/share/nova/adapters/qbit/qsim.py"	""
DIRECTORY	0555	1000	1000	4096	1784008386632788121	-	"02_original_python_runtime_reference/packages/nova_1.3.5_dev1/data/data/com.termux/files/usr/share/nova/examples"	""
FILE	0444	1000	1000	92	1781184547000000000	c1e85a383064e16f1aa4ebeadda7ae62151927aff53e59e0870ac7711d48e61a	"02_original_python_runtime_reference/packages/nova_1.3.5_dev1/data/data/com.termux/files/usr/share/nova/examples/qbit_test.qnova"	""
FILE	0444	1000	1000	20532	1781184545000000000	3bf041067f110a453044ae0b026cb7e358b3e443d46b197e5f6c84035875ba98	"02_original_python_runtime_reference/packages/nova_1.3.5_dev1/data/data/com.termux/files/usr/share/nova/nova.py"	""
FILE	0444	1000	1000	7244	1781184572000000000	1471d03ad9853e28443a6320baee8b593a016e69851ad977585afc11f707e42a	"02_original_python_runtime_reference/packages/nova_1.3.5_dev1_all.deb"	""
DIRECTORY	0555	1000	1000	4096	1784008386633316302	-	"02_original_python_runtime_reference/packages/nova_1.3.5_dev2"	""
DIRECTORY	0555	1000	1000	4096	1784008386633153970	-	"02_original_python_runtime_reference/packages/nova_1.3.5_dev2/DEBIAN"	""
FILE	0444	1000	1000	406	1781186775000000000	8e35294e16b96fce44863126e0757048efae979eaca99c92e246f033d7d1f94c	"02_original_python_runtime_reference/packages/nova_1.3.5_dev2/DEBIAN/control"	""
DIRECTORY	0555	1000	1000	4096	1784008386633316302	-	"02_original_python_runtime_reference/packages/nova_1.3.5_dev2/data"	""
DIRECTORY	0555	1000	1000	4096	1784008386633316302	-	"02_original_python_runtime_reference/packages/nova_1.3.5_dev2/data/data"	""
DIRECTORY	0555	1000	1000	4096	1784008386633316302	-	"02_original_python_runtime_reference/packages/nova_1.3.5_dev2/data/data/com.termux"	""
DIRECTORY	0555	1000	1000	4096	1784008386633316302	-	"02_original_python_runtime_reference/packages/nova_1.3.5_dev2/data/data/com.termux/files"	""
DIRECTORY	0555	1000	1000	4096	1784008386633569412	-	"02_original_python_runtime_reference/packages/nova_1.3.5_dev2/data/data/com.termux/files/usr"	""
DIRECTORY	0555	1000	1000	4096	1784008386633316302	-	"02_original_python_runtime_reference/packages/nova_1.3.5_dev2/data/data/com.termux/files/usr/bin"	""
FILE	0444	1000	1000	2425	1781186775000000000	3ea47e237ca5062281adabe8d8ea5a9590740e2f6e8233f6e8e4dc6dae92e5c2	"02_original_python_runtime_reference/packages/nova_1.3.5_dev2/data/data/com.termux/files/usr/bin/nova"	""
DIRECTORY	0555	1000	1000	4096	1784008386633569412	-	"02_original_python_runtime_reference/packages/nova_1.3.5_dev2/data/data/com.termux/files/usr/share"	""
DIRECTORY	0555	1000	1000	4096	1784008386634015260	-	"02_original_python_runtime_reference/packages/nova_1.3.5_dev2/data/data/com.termux/files/usr/share/nova"	""
DIRECTORY	0555	1000	1000	4096	1784008386633755262	-	"02_original_python_runtime_reference/packages/nova_1.3.5_dev2/data/data/com.termux/files/usr/share/nova/adapters"	""
FILE	0444	1000	1000	612	1781186775000000000	279af72fc1da1ee7c1af4baedc239cb100849e73f63571e764d2356b6f13f5d0	"02_original_python_runtime_reference/packages/nova_1.3.5_dev2/data/data/com.termux/files/usr/share/nova/adapters/adapter_check.sh"	""
DIRECTORY	0555	1000	1000	4096	1784008386633755262	-	"02_original_python_runtime_reference/packages/nova_1.3.5_dev2/data/data/com.termux/files/usr/share/nova/adapters/qbit"	""
FILE	0444	1000	1000	1723	1781186775000000000	0b8dc41e2d6412f79f089dafa3e49070b1704c27f53bb2ef648e4292b56b2f25	"02_original_python_runtime_reference/packages/nova_1.3.5_dev2/data/data/com.termux/files/usr/share/nova/adapters/qbit/qsim.py"	""
DIRECTORY	0555	1000	1000	4096	1784008386633888243	-	"02_original_python_runtime_reference/packages/nova_1.3.5_dev2/data/data/com.termux/files/usr/share/nova/examples"	""
FILE	0444	1000	1000	92	1781186775000000000	c1e85a383064e16f1aa4ebeadda7ae62151927aff53e59e0870ac7711d48e61a	"02_original_python_runtime_reference/packages/nova_1.3.5_dev2/data/data/com.termux/files/usr/share/nova/examples/qbit_test.qnova"	""
FILE	0444	1000	1000	20532	1781186775000000000	3bf041067f110a453044ae0b026cb7e358b3e443d46b197e5f6c84035875ba98	"02_original_python_runtime_reference/packages/nova_1.3.5_dev2/data/data/com.termux/files/usr/share/nova/nova.py"	""
FILE	0444	1000	1000	7332	1781186775000000000	ed94fd76ad25da31469cd12338037a54f8726d14fb107c98097adfc0b605c9b1	"02_original_python_runtime_reference/packages/nova_1.3.5_dev2_all.deb"	""
FILE	0444	1000	1000	722	1781131887000000000	6cf9d66739350505094159e31881e2506bd0f6af16b119dfd803f9cdcaaec2b3	"02_original_python_runtime_reference/pi5_install_nova.sh"	""
FILE	0444	1000	1000	92	1781164504000000000	c1e85a383064e16f1aa4ebeadda7ae62151927aff53e59e0870ac7711d48e61a	"02_original_python_runtime_reference/qbit_test.qnova"	""
DIRECTORY	0555	1000	1000	4096	1784008386634773940	-	"02_original_python_runtime_reference/repo"	""
FILE	0444	1000	1000	495	1781182965000000000	c0d1f44cf602cab77717de9b69a1dcde8839374b8d5282c60e71cfe0ddd6a62a	"02_original_python_runtime_reference/repo/Packages"	""
FILE	0444	1000	1000	1000	1781164960000000000	9001c15a2035e5b6b170e7a160e00ca8c18b9fe85dc379888e1da2539fd4fe1a	"02_original_python_runtime_reference/repo/nova_1.3.2_all.deb"	""
FILE	0444	1000	1000	1492	1781170901000000000	468ea19fc3b6b6e9375a0f5eda9e49c85800abc52f84557ffa1e82c304ef783c	"02_original_python_runtime_reference/repo/nova_1.3.3_all.deb"	""
FILE	0444	1000	1000	1960	1781182965000000000	c65f67195478c70c1ce8188d759a9a4d8e44589ad60071a5e80756c7d0f5d1af	"02_original_python_runtime_reference/repo/nova_1.3.4_dev1_all.deb"	""
DIRECTORY	0555	1000	1000	4096	1784008386641221818	-	"02_original_python_runtime_reference/restore-preview"	""
DIRECTORY	0555	1000	1000	4096	1784008386634872254	-	"02_original_python_runtime_reference/restore-preview/extract_20260610_204300"	""
DIRECTORY	0555	1000	1000	4096	1784008386634872254	-	"02_original_python_runtime_reference/restore-preview/extract_20260610_204300/data"	""
DIRECTORY	0555	1000	1000	4096	1784008386634872254	-	"02_original_python_runtime_reference/restore-preview/extract_20260610_204300/data/data"	""
DIRECTORY	0555	1000	1000	4096	1784008386634872254	-	"02_original_python_runtime_reference/restore-preview/extract_20260610_204300/data/data/com.termux"	""
DIRECTORY	0555	1000	1000	4096	1784008386634872254	-	"02_original_python_runtime_reference/restore-preview/extract_20260610_204300/data/data/com.termux/files"	""
DIRECTORY	0555	1000	1000	4096	1784008386634872254	-	"02_original_python_runtime_reference/restore-preview/extract_20260610_204300/data/data/com.termux/files/home"	""
DIRECTORY	0555	1000	1000	4096	1784008386638457783	-	"02_original_python_runtime_reference/restore-preview/extract_20260610_204300/data/data/com.termux/files/home/nova-lang"	""
FILE	0444	1000	1000	683	1781082777000000000	3ca5e78046a9564ecda1483de4863292b7906a674004636b95975487d3e97c00	"02_original_python_runtime_reference/restore-preview/extract_20260610_204300/data/data/com.termux/files/home/nova-lang/NOVA_LANGUAGE_SPEC_v0.1.md"	""
FILE	0444	1000	1000	627	1781087276000000000	89265fe161944f1e030253f17bcefe8c8d08e797fe5250dc5a740dbb753c9edd	"02_original_python_runtime_reference/restore-preview/extract_20260610_204300/data/data/com.termux/files/home/nova-lang/NOVA_LANGUAGE_SPEC_v0.5.md"	""
FILE	0444	1000	1000	348	1781109607000000000	5f6b5d50cf18f202017cde9f3095251a5afce07684dc9eaf1da396bed4aa511f	"02_original_python_runtime_reference/restore-preview/extract_20260610_204300/data/data/com.termux/files/home/nova-lang/NOVA_LANGUAGE_SPEC_v0.6.md"	""
FILE	0444	1000	1000	1277	1781090277000000000	f36dbb6ce1ae05a1379faeb16c3081fd7e8baea33524ff9909967424fcb9b86b	"02_original_python_runtime_reference/restore-preview/extract_20260610_204300/data/data/com.termux/files/home/nova-lang/NOVA_Q_SPEC_v0.1.md"	""
FILE	0444	1000	1000	691	1781091764000000000	039c4c75c03813166542f569ecac872025597f9ab5a689b7506279bd34c8319c	"02_original_python_runtime_reference/restore-preview/extract_20260610_204300/data/data/com.termux/files/home/nova-lang/UNIVERSAL_DRAGON_CORE_MEANING_v0.1.md"	""
FILE	0444	1000	1000	422	1781109607000000000	920f98979d971b2097c58e8cba2693dd5a0283fa4f6fb8f292c439ac58ccb022	"02_original_python_runtime_reference/restore-preview/extract_20260610_204300/data/data/com.termux/files/home/nova-lang/UNIVERSAL_DRAGON_ECOSYSTEM.md"	""
DIRECTORY	0555	1000	1000	4096	1784008386636255984	-	"02_original_python_runtime_reference/restore-preview/extract_20260610_204300/data/data/com.termux/files/home/nova-lang/apps"	""
DIRECTORY	0555	1000	1000	4096	1784008386635734007	-	"02_original_python_runtime_reference/restore-preview/extract_20260610_204300/data/data/com.termux/files/home/nova-lang/apps/dragon-test"	""
FILE	0444	1000	1000	40	1781083205000000000	aa3569925976385dcdf9fb013b86dba2018d9ed999e3876fbe4ca645994af03f	"02_original_python_runtime_reference/restore-preview/extract_20260610_204300/data/data/com.termux/files/home/nova-lang/apps/dragon-test/main.nova"	""
DIRECTORY	0555	1000	1000	4096	1784008386636019134	-	"02_original_python_runtime_reference/restore-preview/extract_20260610_204300/data/data/com.termux/files/home/nova-lang/apps/hello"	""
FILE	0444	1000	1000	34	1781097014000000000	f8faeffd72765476ab23ea2a398c9b41f6779884678c64ed3fc7cda09265a10d	"02_original_python_runtime_reference/restore-preview/extract_20260610_204300/data/data/com.termux/files/home/nova-lang/apps/hello/ABOUT.txt"	""
FILE	0444	1000	1000	66	1781097014000000000	babfd7c1d377d51edb84c8f19276f34684fa0921f219b5172dfdc34e22fb4f6e	"02_original_python_runtime_reference/restore-preview/extract_20260610_204300/data/data/com.termux/files/home/nova-lang/apps/hello/main.nova"	""
DIRECTORY	0555	1000	1000	4096	1784008386636130448	-	"02_original_python_runtime_reference/restore-preview/extract_20260610_204300/data/data/com.termux/files/home/nova-lang/apps/nova-course"	""
FILE	0444	1000	1000	40	1781083394000000000	984c89541b9ed985df647ccc018471f9e91b443cf1607df5eae3fee59a79ab0a	"02_original_python_runtime_reference/restore-preview/extract_20260610_204300/data/data/com.termux/files/home/nova-lang/apps/nova-course/main.nova"	""
DIRECTORY	0555	1000	1000	4096	1784008386636384317	-	"02_original_python_runtime_reference/restore-preview/extract_20260610_204300/data/data/com.termux/files/home/nova-lang/apps/status-tool"	""
FILE	0444	1000	1000	132	1781091923000000000	106234be0c9501b6932e4bd1e501f0f7c996f2c1edb42e794b2b1d35b76cb2d7	"02_original_python_runtime_reference/restore-preview/extract_20260610_204300/data/data/com.termux/files/home/nova-lang/apps/status-tool/ABOUT.txt"	""
FILE	0444	1000	1000	73	1781091923000000000	99d9f37cabc47438f1099bfbc4b72c7c721a102132d62dcc08f9490967b4da64	"02_original_python_runtime_reference/restore-preview/extract_20260610_204300/data/data/com.termux/files/home/nova-lang/apps/status-tool/main.nova"	""
DIRECTORY	0555	1000	1000	4096	1784008386636495279	-	"02_original_python_runtime_reference/restore-preview/extract_20260610_204300/data/data/com.termux/files/home/nova-lang/course"	""
FILE	0444	1000	1000	300	1781087284000000000	f7fef432996abd52bcaa25c2c3fb53342a3dc1616d97996061e1511a643664b0	"02_original_python_runtime_reference/restore-preview/extract_20260610_204300/data/data/com.termux/files/home/nova-lang/course/NOVA_COURSE_v0.1.md"	""
DIRECTORY	0555	1000	1000	4096	1784008386637215940	-	"02_original_python_runtime_reference/restore-preview/extract_20260610_204300/data/data/com.termux/files/home/nova-lang/memory"	""
FILE	0444	1000	1000	6681	1781109607000000000	24464bfd55482b517c0630c79894085dceeae6c6949294a96bbd6c9ddec71606	"02_original_python_runtime_reference/restore-preview/extract_20260610_204300/data/data/com.termux/files/home/nova-lang/memory/history.txt"	""
FILE	0444	1000	1000	2534	1781109607000000000	c7371b86ff2c8d48fbea9b9e20ba310f6a3a72c6cb1d068cad26968ed4ca5522	"02_original_python_runtime_reference/restore-preview/extract_20260610_204300/data/data/com.termux/files/home/nova-lang/memory/memory.txt"	""
FILE	0444	1000	1000	236	1781083497000000000	70ece2f0783abb4c9929d71f26d00a4ce8185200491063f740c7beedf44e1cb8	"02_original_python_runtime_reference/restore-preview/extract_20260610_204300/data/data/com.termux/files/home/nova-lang/memory/memory_before_hack.txt"	""
FILE	0444	1000	1000	10	1781109306000000000	908f334f844a5ab58a8eefe8cd7977cd9b6fd220e74ee0f022336478b5285437	"02_original_python_runtime_reference/restore-preview/extract_20260610_204300/data/data/com.termux/files/home/nova-lang/memory/novaterm_aliases.txt"	""
FILE	0444	1000	1000	279	1781109306000000000	a3538e379456263a4325405976ff94ceb36887738387f51fb3dc4b26e2a03f70	"02_original_python_runtime_reference/restore-preview/extract_20260610_204300/data/data/com.termux/files/home/nova-lang/memory/novaterm_commands.txt"	""
FILE	0444	1000	1000	255	1781109606000000000	76878841a3aa4df42d6f8caeea8469a635bcdec6d76475dacf83f04cd64aa7f7	"02_original_python_runtime_reference/restore-preview/extract_20260610_204300/data/data/com.termux/files/home/nova-lang/memory/state.sha256"	""
DIRECTORY	0555	1000	1000	4096	1784008386637325384	-	"02_original_python_runtime_reference/restore-preview/extract_20260610_204300/data/data/com.termux/files/home/nova-lang/modules"	""
DIRECTORY	0555	1000	1000	4096	1784008386637325384	-	"02_original_python_runtime_reference/restore-preview/extract_20260610_204300/data/data/com.termux/files/home/nova-lang/modules/memory-core"	""
FILE	0444	1000	1000	79	1781087284000000000	b7186e5fcce87a92a757818ff0c1fe38a61c8c73aa8825e6d69413b33f78083f	"02_original_python_runtime_reference/restore-preview/extract_20260610_204300/data/data/com.termux/files/home/nova-lang/modules/memory-core/main.nova"	""
DIRECTORY	0555	1000	1000	4096	1784008386638224433	-	"02_original_python_runtime_reference/restore-preview/extract_20260610_204300/data/data/com.termux/files/home/nova-lang/store"	""
DIRECTORY	0555	1000	1000	4096	1784008386637638215	-	"02_original_python_runtime_reference/restore-preview/extract_20260610_204300/data/data/com.termux/files/home/nova-lang/store/dragon-note"	""
FILE	0444	1000	1000	50	1781088525000000000	7c3b146de4589d885b1024ef7cb8a2e0e182d6bc94f2e2489a06343afdb3d029	"02_original_python_runtime_reference/restore-preview/extract_20260610_204300/data/data/com.termux/files/home/nova-lang/store/dragon-note/ABOUT.txt"	""
FILE	0444	1000	1000	65	1781088525000000000	ba0b2bfe51dd1c92dba6af46999b3e8597b3d5b88ef8d93b5197d8b863f5d8f8	"02_original_python_runtime_reference/restore-preview/extract_20260610_204300/data/data/com.termux/files/home/nova-lang/store/dragon-note/app.nova"	""
DIRECTORY	0555	1000	1000	4096	1784008386637873306	-	"02_original_python_runtime_reference/restore-preview/extract_20260610_204300/data/data/com.termux/files/home/nova-lang/store/hello"	""
FILE	0444	1000	1000	34	1781088525000000000	f8faeffd72765476ab23ea2a398c9b41f6779884678c64ed3fc7cda09265a10d	"02_original_python_runtime_reference/restore-preview/extract_20260610_204300/data/data/com.termux/files/home/nova-lang/store/hello/ABOUT.txt"	""
FILE	0444	1000	1000	66	1781088525000000000	babfd7c1d377d51edb84c8f19276f34684fa0921f219b5172dfdc34e22fb4f6e	"02_original_python_runtime_reference/restore-preview/extract_20260610_204300/data/data/com.termux/files/home/nova-lang/store/hello/app.nova"	""
DIRECTORY	0555	1000	1000	4096	1784008386638112748	-	"02_original_python_runtime_reference/restore-preview/extract_20260610_204300/data/data/com.termux/files/home/nova-lang/store/memory-core"	""
FILE	0444	1000	1000	32	1781088525000000000	3b294d7ddc348b63feac9a24aacddc8c3c52da02a8e6b5b7497dbbb4ca85f160	"02_original_python_runtime_reference/restore-preview/extract_20260610_204300/data/data/com.termux/files/home/nova-lang/store/memory-core/ABOUT.txt"	""
FILE	0444	1000	1000	35	1781088525000000000	6fcd6a54147746943c72fe99dee048f6836d080eec1829aee130aef3c5f935dd	"02_original_python_runtime_reference/restore-preview/extract_20260610_204300/data/data/com.termux/files/home/nova-lang/store/memory-core/app.nova"	""
DIRECTORY	0555	1000	1000	4096	1784008386638348172	-	"02_original_python_runtime_reference/restore-preview/extract_20260610_204300/data/data/com.termux/files/home/nova-lang/store/status-tool"	""
FILE	0444	1000	1000	132	1781091923000000000	106234be0c9501b6932e4bd1e501f0f7c996f2c1edb42e794b2b1d35b76cb2d7	"02_original_python_runtime_reference/restore-preview/extract_20260610_204300/data/data/com.termux/files/home/nova-lang/store/status-tool/ABOUT.txt"	""
FILE	0444	1000	1000	73	1781091923000000000	99d9f37cabc47438f1099bfbc4b72c7c721a102132d62dcc08f9490967b4da64	"02_original_python_runtime_reference/restore-preview/extract_20260610_204300/data/data/com.termux/files/home/nova-lang/store/status-tool/app.nova"	""
DIRECTORY	0555	1000	1000	4096	1784008386638726373	-	"02_original_python_runtime_reference/restore-preview/extract_20260610_204300/data/data/com.termux/files/home/nova-lang/tools"	""
DIRECTORY	0555	1000	1000	4096	1784008386638615356	-	"02_original_python_runtime_reference/restore-preview/extract_20260610_204300/data/data/com.termux/files/home/nova-lang/tools/backup-tool"	""
FILE	0444	1000	1000	78	1781090983000000000	edb468c8b2f9e1c41f583d9452265f16ca77faa87749c6570b52c0885bff173f	"02_original_python_runtime_reference/restore-preview/extract_20260610_204300/data/data/com.termux/files/home/nova-lang/tools/backup-tool/ABOUT.txt"	""
FILE	0444	1000	1000	85	1781090983000000000	293cfe38bb40070509aeabf18c5c6a6ca04bfed03ba07fe99f66b584e637bc7e	"02_original_python_runtime_reference/restore-preview/extract_20260610_204300/data/data/com.termux/files/home/nova-lang/tools/backup-tool/main.nova"	""
DIRECTORY	0555	1000	1000	4096	1784008386638851465	-	"02_original_python_runtime_reference/restore-preview/extract_20260610_204300/data/data/com.termux/files/home/nova-lang/tools/status-tool"	""
FILE	0444	1000	1000	132	1781091923000000000	106234be0c9501b6932e4bd1e501f0f7c996f2c1edb42e794b2b1d35b76cb2d7	"02_original_python_runtime_reference/restore-preview/extract_20260610_204300/data/data/com.termux/files/home/nova-lang/tools/status-tool/ABOUT.txt"	""
FILE	0444	1000	1000	73	1781091923000000000	99d9f37cabc47438f1099bfbc4b72c7c721a102132d62dcc08f9490967b4da64	"02_original_python_runtime_reference/restore-preview/extract_20260610_204300/data/data/com.termux/files/home/nova-lang/tools/status-tool/main.nova"	""
DIRECTORY	0555	1000	1000	4096	1784008386638961816	-	"02_original_python_runtime_reference/restore-preview/import_20260611_014427"	""
DIRECTORY	0555	1000	1000	4096	1784008386640716062	-	"02_original_python_runtime_reference/restore-preview/import_20260611_014427/nova-lang"	""
FILE	0444	1000	1000	2247	1781127445000000000	890fe498d8c4d86496ef4fd9693e487dd2d60f2b61d783858aa35bed017fa354	"02_original_python_runtime_reference/restore-preview/import_20260611_014427/nova-lang/UNIVERSAL_DRAGON_MANIFEST.md"	""
DIRECTORY	0555	1000	1000	4096	1784008386639630922	-	"02_original_python_runtime_reference/restore-preview/import_20260611_014427/nova-lang/apps"	""
DIRECTORY	0555	1000	1000	4096	1784008386639117407	-	"02_original_python_runtime_reference/restore-preview/import_20260611_014427/nova-lang/apps/dragon-test"	""
FILE	0444	1000	1000	40	1781083205000000000	aa3569925976385dcdf9fb013b86dba2018d9ed999e3876fbe4ca645994af03f	"02_original_python_runtime_reference/restore-preview/import_20260611_014427/nova-lang/apps/dragon-test/main.nova"	""
DIRECTORY	0555	1000	1000	4096	1784008386639406350	-	"02_original_python_runtime_reference/restore-preview/import_20260611_014427/nova-lang/apps/hello"	""
FILE	0444	1000	1000	34	1781097014000000000	f8faeffd72765476ab23ea2a398c9b41f6779884678c64ed3fc7cda09265a10d	"02_original_python_runtime_reference/restore-preview/import_20260611_014427/nova-lang/apps/hello/ABOUT.txt"	""
FILE	0444	1000	1000	66	1781097014000000000	babfd7c1d377d51edb84c8f19276f34684fa0921f219b5172dfdc34e22fb4f6e	"02_original_python_runtime_reference/restore-preview/import_20260611_014427/nova-lang/apps/hello/main.nova"	""
DIRECTORY	0555	1000	1000	4096	1784008386639511997	-	"02_original_python_runtime_reference/restore-preview/import_20260611_014427/nova-lang/apps/nova-course"	""
FILE	0444	1000	1000	40	1781083394000000000	984c89541b9ed985df647ccc018471f9e91b443cf1607df5eae3fee59a79ab0a	"02_original_python_runtime_reference/restore-preview/import_20260611_014427/nova-lang/apps/nova-course/main.nova"	""
DIRECTORY	0555	1000	1000	4096	1784008386639749162	-	"02_original_python_runtime_reference/restore-preview/import_20260611_014427/nova-lang/apps/status-tool"	""
FILE	0444	1000	1000	132	1781091923000000000	106234be0c9501b6932e4bd1e501f0f7c996f2c1edb42e794b2b1d35b76cb2d7	"02_original_python_runtime_reference/restore-preview/import_20260611_014427/nova-lang/apps/status-tool/ABOUT.txt"	""
FILE	0444	1000	1000	73	1781091923000000000	99d9f37cabc47438f1099bfbc4b72c7c721a102132d62dcc08f9490967b4da64	"02_original_python_runtime_reference/restore-preview/import_20260611_014427/nova-lang/apps/status-tool/main.nova"	""
DIRECTORY	0555	1000	1000	4096	1784008386639853606	-	"02_original_python_runtime_reference/restore-preview/import_20260611_014427/nova-lang/lib"	""
FILE	0444	1000	1000	158	1781127222000000000	d42128d730b38b4388715d141c0314554fc95d47ba0c4ad088613250076524fd	"02_original_python_runtime_reference/restore-preview/import_20260611_014427/nova-lang/lib/dragon_lib.nova"	""
DIRECTORY	0555	1000	1000	4096	1784008386640513249	-	"02_original_python_runtime_reference/restore-preview/import_20260611_014427/nova-lang/memory"	""
FILE	0444	1000	1000	13233	1781127445000000000	9bd90f56abcf5d32b80e79609099e0f3853d447dd941cae3649d02f10267d7ff	"02_original_python_runtime_reference/restore-preview/import_20260611_014427/nova-lang/memory/history.txt"	""
FILE	0444	1000	1000	5038	1781127236000000000	39b7391e208982d5e1e49bec04d9c90e9c93430da61a26bf3f9b4faf4a388912	"02_original_python_runtime_reference/restore-preview/import_20260611_014427/nova-lang/memory/memory.txt"	""
FILE	0444	1000	1000	236	1781083497000000000	70ece2f0783abb4c9929d71f26d00a4ce8185200491063f740c7beedf44e1cb8	"02_original_python_runtime_reference/restore-preview/import_20260611_014427/nova-lang/memory/memory_before_hack.txt"	""
FILE	0444	1000	1000	10	1781117380000000000	908f334f844a5ab58a8eefe8cd7977cd9b6fd220e74ee0f022336478b5285437	"02_original_python_runtime_reference/restore-preview/import_20260611_014427/nova-lang/memory/novaterm_aliases.txt"	""
FILE	0444	1000	1000	541	1781117391000000000	c10a9b1e63a44e524384235ed1293a0e2bf77112f5c1a634f98f9170cb0e5d35	"02_original_python_runtime_reference/restore-preview/import_20260611_014427/nova-lang/memory/novaterm_commands.txt"	""
FILE	0444	1000	1000	255	1781119621000000000	796ec252f475f10d0dcc1607908b709c9a23c8e23c54abd72da87307b5fe64cb	"02_original_python_runtime_reference/restore-preview/import_20260611_014427/nova-lang/memory/state.sha256"	""
FILE	0444	1000	1000	14951	1781127433000000000	89b0a6c8eaf0a0309fe79401eaeb9f75340e9354254f84949daad6672a20294d	"02_original_python_runtime_reference/restore-preview/import_20260611_014427/nova-lang/nova.py"	""
DIRECTORY	0555	1000	1000	4096	1784008386640971208	-	"02_original_python_runtime_reference/restore-preview/import_20260611_014427/nova-lang/tools"	""
DIRECTORY	0555	1000	1000	4096	1784008386640865894	-	"02_original_python_runtime_reference/restore-preview/import_20260611_014427/nova-lang/tools/backup-tool"	""
FILE	0444	1000	1000	78	1781090983000000000	edb468c8b2f9e1c41f583d9452265f16ca77faa87749c6570b52c0885bff173f	"02_original_python_runtime_reference/restore-preview/import_20260611_014427/nova-lang/tools/backup-tool/ABOUT.txt"	""
FILE	0444	1000	1000	85	1781090983000000000	293cfe38bb40070509aeabf18c5c6a6ca04bfed03ba07fe99f66b584e637bc7e	"02_original_python_runtime_reference/restore-preview/import_20260611_014427/nova-lang/tools/backup-tool/main.nova"	""
DIRECTORY	0555	1000	1000	4096	1784008386641111078	-	"02_original_python_runtime_reference/restore-preview/import_20260611_014427/nova-lang/tools/status-tool"	""
FILE	0444	1000	1000	132	1781091923000000000	106234be0c9501b6932e4bd1e501f0f7c996f2c1edb42e794b2b1d35b76cb2d7	"02_original_python_runtime_reference/restore-preview/import_20260611_014427/nova-lang/tools/status-tool/ABOUT.txt"	""
FILE	0444	1000	1000	73	1781091923000000000	99d9f37cabc47438f1099bfbc4b72c7c721a102132d62dcc08f9490967b4da64	"02_original_python_runtime_reference/restore-preview/import_20260611_014427/nova-lang/tools/status-tool/main.nova"	""
DIRECTORY	0555	1000	1000	4096	1784008386641221818	-	"02_original_python_runtime_reference/restore-preview/import_20260611_015031"	""
DIRECTORY	0555	1000	1000	4096	1784008386642979471	-	"02_original_python_runtime_reference/restore-preview/import_20260611_015031/nova-lang"	""
FILE	0444	1000	1000	2247	1781127445000000000	890fe498d8c4d86496ef4fd9693e487dd2d60f2b61d783858aa35bed017fa354	"02_original_python_runtime_reference/restore-preview/import_20260611_015031/nova-lang/UNIVERSAL_DRAGON_MANIFEST.md"	""
DIRECTORY	0555	1000	1000	4096	1784008386641887998	-	"02_original_python_runtime_reference/restore-preview/import_20260611_015031/nova-lang/apps"	""
DIRECTORY	0555	1000	1000	4096	1784008386641382298	-	"02_original_python_runtime_reference/restore-preview/import_20260611_015031/nova-lang/apps/dragon-test"	""
FILE	0444	1000	1000	40	1781083205000000000	aa3569925976385dcdf9fb013b86dba2018d9ed999e3876fbe4ca645994af03f	"02_original_python_runtime_reference/restore-preview/import_20260611_015031/nova-lang/apps/dragon-test/main.nova"	""
DIRECTORY	0555	1000	1000	4096	1784008386641663166	-	"02_original_python_runtime_reference/restore-preview/import_20260611_015031/nova-lang/apps/hello"	""
FILE	0444	1000	1000	34	1781097014000000000	f8faeffd72765476ab23ea2a398c9b41f6779884678c64ed3fc7cda09265a10d	"02_original_python_runtime_reference/restore-preview/import_20260611_015031/nova-lang/apps/hello/ABOUT.txt"	""
FILE	0444	1000	1000	66	1781097014000000000	babfd7c1d377d51edb84c8f19276f34684fa0921f219b5172dfdc34e22fb4f6e	"02_original_python_runtime_reference/restore-preview/import_20260611_015031/nova-lang/apps/hello/main.nova"	""
DIRECTORY	0555	1000	1000	4096	1784008386641769147	-	"02_original_python_runtime_reference/restore-preview/import_20260611_015031/nova-lang/apps/nova-course"	""
FILE	0444	1000	1000	40	1781083394000000000	984c89541b9ed985df647ccc018471f9e91b443cf1607df5eae3fee59a79ab0a	"02_original_python_runtime_reference/restore-preview/import_20260611_015031/nova-lang/apps/nova-course/main.nova"	""
DIRECTORY	0555	1000	1000	4096	1784008386642015145	-	"02_original_python_runtime_reference/restore-preview/import_20260611_015031/nova-lang/apps/status-tool"	""
FILE	0444	1000	1000	132	1781091923000000000	106234be0c9501b6932e4bd1e501f0f7c996f2c1edb42e794b2b1d35b76cb2d7	"02_original_python_runtime_reference/restore-preview/import_20260611_015031/nova-lang/apps/status-tool/ABOUT.txt"	""
FILE	0444	1000	1000	73	1781091923000000000	99d9f37cabc47438f1099bfbc4b72c7c721a102132d62dcc08f9490967b4da64	"02_original_python_runtime_reference/restore-preview/import_20260611_015031/nova-lang/apps/status-tool/main.nova"	""
DIRECTORY	0555	1000	1000	4096	1784008386642120144	-	"02_original_python_runtime_reference/restore-preview/import_20260611_015031/nova-lang/lib"	""
FILE	0444	1000	1000	158	1781127222000000000	d42128d730b38b4388715d141c0314554fc95d47ba0c4ad088613250076524fd	"02_original_python_runtime_reference/restore-preview/import_20260611_015031/nova-lang/lib/dragon_lib.nova"	""
DIRECTORY	0555	1000	1000	4096	1784008386642776362	-	"02_original_python_runtime_reference/restore-preview/import_20260611_015031/nova-lang/memory"	""
FILE	0444	1000	1000	13233	1781127445000000000	9bd90f56abcf5d32b80e79609099e0f3853d447dd941cae3649d02f10267d7ff	"02_original_python_runtime_reference/restore-preview/import_20260611_015031/nova-lang/memory/history.txt"	""
FILE	0444	1000	1000	5038	1781127236000000000	39b7391e208982d5e1e49bec04d9c90e9c93430da61a26bf3f9b4faf4a388912	"02_original_python_runtime_reference/restore-preview/import_20260611_015031/nova-lang/memory/memory.txt"	""
FILE	0444	1000	1000	236	1781083497000000000	70ece2f0783abb4c9929d71f26d00a4ce8185200491063f740c7beedf44e1cb8	"02_original_python_runtime_reference/restore-preview/import_20260611_015031/nova-lang/memory/memory_before_hack.txt"	""
FILE	0444	1000	1000	10	1781117380000000000	908f334f844a5ab58a8eefe8cd7977cd9b6fd220e74ee0f022336478b5285437	"02_original_python_runtime_reference/restore-preview/import_20260611_015031/nova-lang/memory/novaterm_aliases.txt"	""
FILE	0444	1000	1000	541	1781117391000000000	c10a9b1e63a44e524384235ed1293a0e2bf77112f5c1a634f98f9170cb0e5d35	"02_original_python_runtime_reference/restore-preview/import_20260611_015031/nova-lang/memory/novaterm_commands.txt"	""
FILE	0444	1000	1000	255	1781119621000000000	796ec252f475f10d0dcc1607908b709c9a23c8e23c54abd72da87307b5fe64cb	"02_original_python_runtime_reference/restore-preview/import_20260611_015031/nova-lang/memory/state.sha256"	""
FILE	0444	1000	1000	14951	1781127433000000000	89b0a6c8eaf0a0309fe79401eaeb9f75340e9354254f84949daad6672a20294d	"02_original_python_runtime_reference/restore-preview/import_20260611_015031/nova-lang/nova.py"	""
DIRECTORY	0555	1000	1000	4096	1784008386643241784	-	"02_original_python_runtime_reference/restore-preview/import_20260611_015031/nova-lang/tools"	""
DIRECTORY	0555	1000	1000	4096	1784008386643135915	-	"02_original_python_runtime_reference/restore-preview/import_20260611_015031/nova-lang/tools/backup-tool"	""
FILE	0444	1000	1000	78	1781090983000000000	edb468c8b2f9e1c41f583d9452265f16ca77faa87749c6570b52c0885bff173f	"02_original_python_runtime_reference/restore-preview/import_20260611_015031/nova-lang/tools/backup-tool/ABOUT.txt"	""
FILE	0444	1000	1000	85	1781090983000000000	293cfe38bb40070509aeabf18c5c6a6ca04bfed03ba07fe99f66b584e637bc7e	"02_original_python_runtime_reference/restore-preview/import_20260611_015031/nova-lang/tools/backup-tool/main.nova"	""
DIRECTORY	0555	1000	1000	4096	1784008386643360191	-	"02_original_python_runtime_reference/restore-preview/import_20260611_015031/nova-lang/tools/status-tool"	""
FILE	0444	1000	1000	132	1781091923000000000	106234be0c9501b6932e4bd1e501f0f7c996f2c1edb42e794b2b1d35b76cb2d7	"02_original_python_runtime_reference/restore-preview/import_20260611_015031/nova-lang/tools/status-tool/ABOUT.txt"	""
FILE	0444	1000	1000	73	1781091923000000000	99d9f37cabc47438f1099bfbc4b72c7c721a102132d62dcc08f9490967b4da64	"02_original_python_runtime_reference/restore-preview/import_20260611_015031/nova-lang/tools/status-tool/main.nova"	""
DIRECTORY	0555	1000	1000	4096	1784008386644157611	-	"02_original_python_runtime_reference/store"	""
DIRECTORY	0555	1000	1000	4096	1784008386643620207	-	"02_original_python_runtime_reference/store/dragon-note"	""
FILE	0444	1000	1000	50	1781088525000000000	7c3b146de4589d885b1024ef7cb8a2e0e182d6bc94f2e2489a06343afdb3d029	"02_original_python_runtime_reference/store/dragon-note/ABOUT.txt"	""
FILE	0444	1000	1000	65	1781088525000000000	ba0b2bfe51dd1c92dba6af46999b3e8597b3d5b88ef8d93b5197d8b863f5d8f8	"02_original_python_runtime_reference/store/dragon-note/app.nova"	""
DIRECTORY	0555	1000	1000	4096	1784008386643839261	-	"02_original_python_runtime_reference/store/hello"	""
FILE	0444	1000	1000	34	1781088525000000000	f8faeffd72765476ab23ea2a398c9b41f6779884678c64ed3fc7cda09265a10d	"02_original_python_runtime_reference/store/hello/ABOUT.txt"	""
FILE	0444	1000	1000	66	1781088525000000000	babfd7c1d377d51edb84c8f19276f34684fa0921f219b5172dfdc34e22fb4f6e	"02_original_python_runtime_reference/store/hello/app.nova"	""
DIRECTORY	0555	1000	1000	4096	1784008386644057019	-	"02_original_python_runtime_reference/store/memory-core"	""
FILE	0444	1000	1000	32	1781088525000000000	3b294d7ddc348b63feac9a24aacddc8c3c52da02a8e6b5b7497dbbb4ca85f160	"02_original_python_runtime_reference/store/memory-core/ABOUT.txt"	""
FILE	0444	1000	1000	35	1781088525000000000	6fcd6a54147746943c72fe99dee048f6836d080eec1829aee130aef3c5f935dd	"02_original_python_runtime_reference/store/memory-core/app.nova"	""
DIRECTORY	0555	1000	1000	4096	1784008386644271332	-	"02_original_python_runtime_reference/store/status-tool"	""
FILE	0444	1000	1000	132	1781091923000000000	106234be0c9501b6932e4bd1e501f0f7c996f2c1edb42e794b2b1d35b76cb2d7	"02_original_python_runtime_reference/store/status-tool/ABOUT.txt"	""
FILE	0444	1000	1000	73	1781091923000000000	99d9f37cabc47438f1099bfbc4b72c7c721a102132d62dcc08f9490967b4da64	"02_original_python_runtime_reference/store/status-tool/app.nova"	""
DIRECTORY	0555	1000	1000	4096	1784008386644612885	-	"02_original_python_runtime_reference/tools"	""
DIRECTORY	0555	1000	1000	4096	1784008386644512645	-	"02_original_python_runtime_reference/tools/backup-tool"	""
FILE	0444	1000	1000	78	1781090983000000000	edb468c8b2f9e1c41f583d9452265f16ca77faa87749c6570b52c0885bff173f	"02_original_python_runtime_reference/tools/backup-tool/ABOUT.txt"	""
FILE	0444	1000	1000	85	1781090983000000000	293cfe38bb40070509aeabf18c5c6a6ca04bfed03ba07fe99f66b584e637bc7e	"02_original_python_runtime_reference/tools/backup-tool/main.nova"	""
DIRECTORY	0555	1000	1000	4096	1784008386644729606	-	"02_original_python_runtime_reference/tools/status-tool"	""
FILE	0444	1000	1000	132	1781091923000000000	106234be0c9501b6932e4bd1e501f0f7c996f2c1edb42e794b2b1d35b76cb2d7	"02_original_python_runtime_reference/tools/status-tool/ABOUT.txt"	""
FILE	0444	1000	1000	73	1781091923000000000	99d9f37cabc47438f1099bfbc4b72c7c721a102132d62dcc08f9490967b4da64	"02_original_python_runtime_reference/tools/status-tool/main.nova"	""
DIRECTORY	0555	1000	1000	4096	1784008386684415200	-	"03_v13_packaging_reference"	""
FILE	0444	1000	1000	10	1782268085049070100	c24306fc9cee417e8b03888e9816764337ae38a6cfa528360591df641e7e11c7	"03_v13_packaging_reference/NOVA_QBIT_VERSION"	""
FILE	0444	1000	1000	184	1782303037173071000	cdc347486506c3a99dab158ad96cdcc451cb3dd3975e06db1b5143b277256ce9	"03_v13_packaging_reference/QBIT_NOVA_RELEASE_BUNDLE.txt"	""
FILE	0444	1000	1000	1823	1782268388269070100	0675f0a567e0db67ccc46affa16d6c0225c01d0e970b877648142e2eb52abc72	"03_v13_packaging_reference/README.md"	""
DIRECTORY	0555	1000	1000	4096	1784008386683589984	-	"03_v13_packaging_reference/engine"	""
FILE	0444	1000	1000	10824	1782296640365070800	7ae369ca3ccd556def32385e20d4bfaaa8f24793e96b8f542071883b0bb56df4	"03_v13_packaging_reference/engine/qbit_nova_v07_engine.py"	""
FILE	0444	1000	1000	5366	1782297016593070700	cd7590297607f1749157ae82aa0e1ebbf40e9ca3dbe6ad8b1b444585dbb0b03a	"03_v13_packaging_reference/engine/qbit_nova_v08_tokenizer.py"	""
FILE	0444	1000	1000	2938	1782297820653070700	8339b682660b3607c23d3ec7c6d94f6d32c902e2d0915ae2d0c9bacc60ccfe93	"03_v13_packaging_reference/engine/qbit_nova_v09_pipeline.py"	""
FILE	0444	1000	1000	8494	1782297573357070700	4a603fec2b38f9f43ee5070c439a3a39fc2c9936813e8a7cc6ef93485e624169	"03_v13_packaging_reference/engine/qbit_nova_v09_token_parser.py"	""
DIRECTORY	0555	1000	1000	4096	1784008386683690613	-	"03_v13_packaging_reference/examples"	""
DIRECTORY	0555	1000	1000	4096	1784008386683954444	-	"03_v13_packaging_reference/examples/v2"	""
FILE	0444	1000	1000	420	1782296547121070900	21de38cf8cb8413eba416705892254533ffd02cf110b32fa5469418fe9f862b0	"03_v13_packaging_reference/examples/v2/qbit_nova_v07_native_one.ud"	""
FILE	0444	1000	1000	420	1782296547109070800	fc2d8ac06e75cfe297c115742c39699c9602244cb37c42b4191bf57798febad3	"03_v13_packaging_reference/examples/v2/qbit_nova_v07_native_zero.ud"	""
FILE	0444	1000	1000	240	1782268515357070000	b63bb2e234b2688a0aa55e9ef554f657d54608c7c982c965ed44e637260699d5	"03_v13_packaging_reference/examples/v2/qbit_nova_world.ud"	""
DIRECTORY	0555	1000	1000	4096	1784008386684055684	-	"03_v13_packaging_reference/nova-lang"	""
DIRECTORY	0555	1000	1000	4096	1784008386684307626	-	"03_v13_packaging_reference/nova-lang/v2"	""
FILE	0444	1000	1000	6682	1781274796000000000	4b69856293629ff78efaae56afc02fa34983edabacdaae98aae75c6116f517ed	"03_v13_packaging_reference/nova-lang/v2/nova2_quantum_syntax.py"	""
FILE	0444	1000	1000	10759	1781921196000000000	a72d7f9545da27fb787e59722f448f21911602906f50c2e1c371d4fd9a32fb54	"03_v13_packaging_reference/nova-lang/v2/nova2_run.py"	""
FILE	0444	1000	1000	8689	1781921196000000000	2c5c38215229a7c1750125f666cb9b7930b4c17606d770dc967189cda25bd77c	"03_v13_packaging_reference/nova-lang/v2/nova2_seed.py"	""
DIRECTORY	0555	1000	1000	4096	1784008386684638068	-	"03_v13_packaging_reference/tools"	""
FILE	0444	1000	1000	813	1782301703549070800	c346f45be8d6753acc417fd41d14c0de22a6902020102e43424c3fd25c1674e3	"03_v13_packaging_reference/tools/install-qbit-nova.sh"	""
FILE	0444	1000	1000	21960	1782300826669071000	4d975a6431d3b3a9dfa87b174e47cbac201c102efc698da618ebf216079b6d5d	"03_v13_packaging_reference/tools/nova_cli.ud"	""
FILE	0444	1000	1000	174	1782301216841071000	7bedb54a825a206625913ea883f3ef434ef3cb4332c6ab44310da4a900623fae	"03_v13_packaging_reference/tools/qbit-nova"	""
